小韻號,上字,下字,字,韻,調,呼,等,重紐
1,德,紅,端,東,平,開,1,
2,徒,紅,定,東,平,開,1,
3,陟,弓,知,東,平,開,3,
4,直,弓,澄,東,平,開,3,
5,職,戎,章,東,平,開,3,
6,敕,中,徹,東,平,開,3,
7,鋤,弓,崇,東,平,開,3,
8,息,弓,心,東,平,開,3,
9,如,融,日,東,平,開,3,
10,居,戎,見,東,平,開,3,
11,以,戎,以,東,平,開,3,
12,羽,弓,云,東,平,開,3,
13,莫,中,明,東,平,,3,
14,去,宮,溪,東,平,開,3,
15,渠,弓,羣,東,平,開,3,
16,房,戎,並,東,平,,3,
17,方,戎,幫,東,平,,3,
18,敷,空,滂,東,平,,3,
19,昌,終,昌,東,平,開,3,
20,力,中,來,東,平,開,3,
21,苦,紅,溪,東,平,開,1,
22,古,紅,見,東,平,開,1,
23,莫,紅,明,東,平,,1,
24,盧,紅,來,東,平,開,1,
25,戶,公,匣,東,平,開,1,
26,徂,紅,從,東,平,開,1,
27,烏,紅,影,東,平,開,1,
28,倉,紅,清,東,平,開,1,
29,他,紅,透,東,平,開,1,
30,子,紅,精,東,平,開,1,
31,薄,紅,並,東,平,,1,
32,呼,東,曉,東,平,開,1,
33,五,東,疑,東,平,開,1,
34,蘇,公,心,東,平,開,1,
35,都,宗,端,冬,平,合,1,
36,徒,冬,定,冬,平,合,1,
37,藏,宗,從,冬,平,合,1,
38,奴,冬,泥,冬,平,合,1,
39,古,冬,見,冬,平,合,1,
40,戶,冬,匣,冬,平,合,1,
41,力,冬,來,冬,平,合,1,
42,作,冬,精,冬,平,合,1,
43,私,宗,心,冬,平,合,1,
44,他,冬,透,冬,平,合,1,
45,職,容,章,鍾,平,開,3,
46,力,鍾,來,鍾,平,開,3,
47,書,容,書,鍾,平,開,3,
48,祥,容,邪,鍾,平,開,3,
49,尺,容,昌,鍾,平,開,3,
50,餘,封,以,鍾,平,開,3,
51,府,容,幫,鍾,平,,3,
52,許,容,曉,鍾,平,開,3,
53,魚,容,疑,鍾,平,開,3,
54,於,容,影,鍾,平,開,3,
55,女,容,孃,鍾,平,開,3,
56,直,容,澄,鍾,平,開,3,
57,疾,容,從,鍾,平,開,3,
58,丑,凶,徹,鍾,平,開,3,
59,符,容,並,鍾,平,,3,
60,敷,容,滂,鍾,平,,3,
61,即,容,精,鍾,平,開,3,
62,而,容,日,鍾,平,開,3,
63,渠,容,羣,鍾,平,開,3,
64,蜀,庸,常,鍾,平,開,3,
65,九,容,見,鍾,平,開,3,
66,息,恭,心,鍾,平,開,3,
67,七,恭,清,鍾,平,開,3,
68,曲,恭,溪,鍾,平,開,3,
69,古,雙,見,江,平,開,2,
70,莫,江,明,江,平,,2,
71,女,江,孃,江,平,開,2,
72,楚,江,初,江,平,開,2,
73,博,江,幫,江,平,,2,
74,下,江,匣,江,平,開,2,
75,匹,江,滂,江,平,,2,
76,呂,江,來,江,平,開,2,
77,所,江,生,江,平,開,2,
78,薄,江,並,江,平,,2,
79,許,江,曉,江,平,開,2,
80,握,江,影,江,平,開,2,
81,苦,江,溪,江,平,開,2,
82,宅,江,澄,江,平,開,2,
83,丑,江,徹,江,平,開,2,
84,都,江,知,江,平,開,2,
85,五,江,疑,江,平,開,2,
86,士,江,崇,江,平,開,2,
87,章,移,章,支,平,開,3,
88,弋,支,以,支,平,開,3,A
89,薳,支,云,支,平,合,3,B
90,居,爲,見,支,平,合,3,B
91,許,爲,曉,支,平,合,3,B
92,於,爲,影,支,平,合,3,B
93,靡,爲,明,支,平,,3,B
94,許,規,曉,支,平,合,3,A
95,直,垂,澄,支,平,合,3,
96,是,爲,常,支,平,合,3,
97,力,爲,來,支,平,合,3,
98,昌,垂,昌,支,平,合,3,
99,敷,羈,滂,支,平,,3,B
100,彼,爲,幫,支,平,,3,B
101,旬,爲,邪,支,平,合,3,
102,去,爲,溪,支,平,合,3,B
103,去,隨,溪,支,平,合,3,A
104,渠,羈,羣,支,平,開,3,B
105,巨,支,羣,支,平,開,3,A
106,許,羈,曉,支,平,開,3,B
107,去,奇,溪,支,平,開,3,B
108,魚,羈,疑,支,平,開,3,B
109,符,羈,並,支,平,,3,B
110,是,支,常,支,平,開,3,
111,汝,移,日,支,平,開,3,
112,呂,支,來,支,平,開,3,
113,疾,移,從,支,平,開,3,
114,即,移,精,支,平,開,3,
115,居,宜,見,支,平,開,3,B
116,府,移,幫,支,平,,3,A
117,符,支,並,支,平,,3,A
118,式,支,書,支,平,開,3,
119,息,移,心,支,平,開,3,
120,楚,宜,初,支,平,開,3,
121,丑,知,徹,支,平,開,3,
122,武,移,明,支,平,,3,A
123,此,移,清,支,平,開,3,
124,陟,離,知,支,平,開,3,
125,於,離,影,支,平,開,3,B
126,直,離,澄,支,平,開,3,
127,息,爲,心,支,平,合,3,
128,魚,爲,疑,支,平,合,3,B
129,香,支,曉,支,平,開,3,A
130,所,宜,生,支,平,開,3,
131,山,垂,生,支,平,合,3,
132,人,垂,日,支,平,合,3,
133,姊,規,精,支,平,合,3,
134,居,隋,見,支,平,合,3,A
135,楚,危,初,支,平,合,3,
136,竹,垂,知,支,平,合,3,
137,叱,支,昌,支,平,開,3,
138,側,宜,莊,支,平,開,3,
139,匹,支,滂,支,平,,3,A
140,悅,吹,以,支,平,合,3,A
141,士,宜,崇,支,平,開,3,
142,旨,夷,章,脂,平,開,3,
143,以,脂,以,脂,平,開,3,A
144,疏,夷,生,脂,平,開,3,
145,房,脂,並,脂,平,,3,A
146,即,夷,精,脂,平,開,3,
147,居,夷,見,脂,平,開,3,B
148,處,脂,昌,脂,平,開,3,
149,丑,飢,徹,脂,平,開,3,
150,取,私,清,脂,平,開,3,
151,疾,資,從,脂,平,開,3,
152,女,夷,孃,脂,平,開,3,
153,直,尼,澄,脂,平,開,3,
154,息,夷,心,脂,平,開,3,
155,式,脂,書,脂,平,開,3,
156,渠,脂,羣,脂,平,開,3,A
157,於,脂,影,脂,平,開,3,A
158,力,脂,來,脂,平,開,3,
159,渠,追,羣,脂,平,合,3,A
160,陟,隹,知,脂,平,合,3,
161,居,追,見,脂,平,合,3,B
162,儒,隹,日,脂,平,合,3,
163,所,追,生,脂,平,合,3,
164,以,追,以,脂,平,合,3,A
165,力,追,來,脂,平,合,3,
166,息,遺,心,脂,平,合,3,
167,渠,追,羣,脂,平,合,3,B
168,武,悲,明,脂,平,,3,B
169,府,眉,幫,脂,平,,3,B
170,職,追,章,脂,平,合,3,
171,視,隹,常,脂,平,合,3,
172,洧,悲,云,脂,平,合,3,B
173,符,悲,並,脂,平,,3,B
174,敷,悲,滂,脂,平,,3,B
175,許,維,曉,脂,平,合,3,A
176,直,追,澄,脂,平,合,3,
177,尺,隹,昌,脂,平,合,3,
178,丁,尼,知,脂,平,開,3,
179,匹,夷,滂,脂,平,,3,A
180,醉,綏,精,脂,平,合,3,
181,丘,追,溪,脂,平,合,3,B
182,牛,肌,疑,脂,平,開,3,B
183,喜,夷,曉,脂,平,開,3,A
184,止,而,章,之,平,開,3,
185,與,之,以,之,平,開,3,
186,市,之,常,之,平,開,3,
187,語,其,疑,之,平,開,3,
188,息,兹,心,之,平,開,3,
189,楚,持,初,之,平,開,3,
190,渠,之,羣,之,平,開,3,
191,書,之,書,之,平,開,3,
192,如,之,日,之,平,開,3,
193,去,其,溪,之,平,開,3,
194,居,之,見,之,平,開,3,
195,似,兹,邪,之,平,開,3,
196,里,之,來,之,平,開,3,
197,側,持,莊,之,平,開,3,
198,許,其,曉,之,平,開,3,
199,於,其,影,之,平,開,3,
200,丑,之,徹,之,平,開,3,
201,直,之,澄,之,平,開,3,
202,赤,之,昌,之,平,開,3,
203,疾,之,從,之,平,開,3,
204,子,之,精,之,平,開,3,
205,士,之,崇,之,平,開,3,
206,俟,甾,俟,之,平,開,3,
207,無,非,明,微,平,,3,
208,許,歸,曉,微,平,合,3,
209,雨,非,云,微,平,合,3,
210,芳,非,滂,微,平,,3,
211,甫,微,幫,微,平,,3,
212,符,非,並,微,平,,3,
213,於,非,影,微,平,合,3,
214,渠,希,羣,微,平,開,3,
215,居,依,見,微,平,開,3,
216,香,衣,曉,微,平,開,3,
217,於,希,影,微,平,開,3,
218,魚,衣,疑,微,平,開,3,
219,語,韋,疑,微,平,合,3,
220,舉,韋,見,微,平,合,3,
221,丘,韋,溪,微,平,合,3,
222,語,居,疑,魚,平,開,3,
223,楚,居,初,魚,平,開,3,
224,傷,魚,書,魚,平,開,3,
225,九,魚,見,魚,平,開,3,
226,強,魚,羣,魚,平,開,3,
227,以,諸,以,魚,平,開,3,
228,相,居,心,魚,平,開,3,
229,七,余,清,魚,平,開,3,
230,士,魚,崇,魚,平,開,3,
231,丑,居,徹,魚,平,開,3,
232,所,葅,生,魚,平,開,3,
233,朽,居,曉,魚,平,開,3,
234,似,魚,邪,魚,平,開,3,
235,央,居,影,魚,平,開,3,
236,陟,魚,知,魚,平,開,3,
237,力,居,來,魚,平,開,3,
238,章,魚,章,魚,平,開,3,
239,直,魚,澄,魚,平,開,3,
240,人,諸,日,魚,平,開,3,
241,子,魚,精,魚,平,開,3,
242,去,魚,溪,魚,平,開,3,
243,側,魚,莊,魚,平,開,3,
244,署,魚,常,魚,平,開,3,
245,女,余,孃,魚,平,開,3,
246,遇,俱,疑,虞,平,合,3,
247,測,隅,初,虞,平,合,3,
248,武,夫,明,虞,平,,3,
249,羽,俱,云,虞,平,合,3,
250,況,于,曉,虞,平,合,3,
251,其,俱,羣,虞,平,合,3,
252,人,朱,日,虞,平,合,3,
253,相,俞,心,虞,平,合,3,
254,陟,輸,知,虞,平,合,3,
255,敕,俱,徹,虞,平,合,3,
256,市,朱,常,虞,平,合,3,
257,羊,朱,以,虞,平,合,3,
258,豈,俱,溪,虞,平,合,3,
259,章,俱,章,虞,平,合,3,
260,七,逾,清,虞,平,合,3,
261,力,朱,來,虞,平,合,3,
262,防,無,並,虞,平,,3,
263,仕,于,崇,虞,平,合,3,
264,莊,俱,莊,虞,平,合,3,
265,芳,無,滂,虞,平,,3,
266,子,于,精,虞,平,合,3,
267,甫,無,幫,虞,平,,3,
268,憶,俱,影,虞,平,合,3,
269,式,朱,書,虞,平,合,3,
270,昌,朱,昌,虞,平,合,3,
271,直,誅,澄,虞,平,合,3,
272,舉,朱,見,虞,平,合,3,
273,山,芻,生,虞,平,合,3,
274,莫,胡,明,模,平,,1,
275,薄,胡,並,模,平,,1,
276,戶,吳,匣,模,平,,1,
277,古,胡,見,模,平,,1,
278,同,都,定,模,平,,1,
279,乃,都,泥,模,平,,1,
280,荒,烏,曉,模,平,,1,
281,五,乎,疑,模,平,,1,
282,則,吾,精,模,平,,1,
283,落,胡,來,模,平,,1,
284,素,姑,心,模,平,,1,
285,昨,胡,從,模,平,,1,
286,哀,都,影,模,平,,1,
287,博,孤,幫,模,平,,1,
288,苦,胡,溪,模,平,,1,
289,倉,胡,清,模,平,,1,
290,他,胡,透,模,平,,1,
291,當,孤,端,模,平,,1,
292,普,胡,滂,模,平,,1,
293,徂,奚,從,齊,平,開,4,
294,郎,奚,來,齊,平,開,4,
295,七,稽,清,齊,平,開,4,
296,都,奚,端,齊,平,開,4,
297,杜,奚,定,齊,平,開,4,
298,邊,兮,幫,齊,平,,4,
299,古,奚,見,齊,平,開,4,
300,胡,雞,匣,齊,平,開,4,
301,烏,奚,影,齊,平,開,4,
302,五,稽,疑,齊,平,開,4,
303,呼,雞,曉,齊,平,開,4,
304,先,稽,心,齊,平,開,4,
305,土,雞,透,齊,平,開,4,
306,部,迷,並,齊,平,,4,
307,匹,迷,滂,齊,平,,4,
308,祖,稽,精,齊,平,開,4,
309,莫,兮,明,齊,平,,4,
310,奴,低,泥,齊,平,開,4,
311,苦,奚,溪,齊,平,開,4,
312,古,攜,見,齊,平,合,4,
313,苦,圭,溪,齊,平,合,4,
314,戶,圭,匣,齊,平,合,4,
315,人,兮,日,齊,平,開,3,
316,成,臡,常,齊,平,開,3,
317,烏,攜,影,齊,平,合,4,
318,呼,攜,曉,齊,平,合,4,
319,古,膎,見,佳,平,開,2,
320,戶,佳,匣,佳,平,開,2,
321,薄,佳,並,佳,平,,2,
322,古,蛙,見,佳,平,合,2,
323,烏,媧,影,佳,平,合,2,
324,苦,緺,溪,佳,平,合,2,
325,士,佳,崇,佳,平,開,2,
326,楚,佳,初,佳,平,開,2,
327,火,媧,曉,佳,平,合,2,
328,㚷,佳,孃,佳,平,開,2,
329,五,佳,疑,佳,平,開,2,
330,於,佳,影,佳,平,開,2,
331,山,佳,生,佳,平,開,2,
332,火,佳,曉,佳,平,開,2,
333,丑,佳,徹,佳,平,開,2,
334,莫,佳,明,佳,平,,2,
335,戶,媧,匣,佳,平,合,2,
336,古,諧,見,皆,平,開,2,
337,乙,諧,影,皆,平,開,2,
338,戶,皆,匣,皆,平,開,2,
339,步,皆,並,皆,平,,2,
340,古,懷,見,皆,平,合,2,
341,戶,乖,匣,皆,平,合,2,
342,苦,淮,溪,皆,平,合,2,
343,士,皆,崇,皆,平,開,2,
344,楚,皆,初,皆,平,開,2,
345,呼,懷,曉,皆,平,合,2,
346,杜,懷,澄,皆,平,合,2,
347,莫,皆,明,皆,平,,2,
348,側,皆,莊,皆,平,開,2,
349,乙,乖,影,皆,平,合,2,
350,卓,皆,知,皆,平,開,2,
351,賴,諧,來,皆,平,開,2,
352,口,皆,溪,皆,平,開,2,
353,諾,皆,孃,皆,平,開,2,
354,山,皆,生,皆,平,開,2,
355,擬,皆,疑,皆,平,開,2,
356,丑,皆,徹,皆,平,開,2,
357,喜,皆,曉,皆,平,開,2,
358,力,懷,來,皆,平,合,2,
359,仕,懷,崇,皆,平,合,2,
360,呼,恢,曉,灰,平,合,1,
361,苦,回,溪,灰,平,合,1,
362,烏,恢,影,灰,平,合,1,
363,戶,恢,匣,灰,平,合,1,
364,莫,杯,明,灰,平,,1,
365,公,回,見,灰,平,合,1,
366,魯,回,來,灰,平,合,1,
367,杜,回,定,灰,平,合,1,
368,倉,回,清,灰,平,合,1,
369,都,回,端,灰,平,合,1,
370,素,回,心,灰,平,合,1,
371,昨,回,從,灰,平,合,1,
372,薄,回,並,灰,平,,1,
373,布,回,幫,灰,平,,1,
374,芳,杯,滂,灰,平,,1,
375,五,灰,疑,灰,平,合,1,
376,他,回,透,灰,平,合,1,
377,乃,回,泥,灰,平,合,1,
378,臧,回,精,灰,平,合,1,
379,呼,來,曉,咍,平,開,1,
380,苦,哀,溪,咍,平,開,1,
381,烏,開,影,咍,平,開,1,
382,徒,哀,定,咍,平,開,1,
383,古,哀,見,咍,平,開,1,
384,昨,哉,從,咍,平,開,1,
385,落,哀,來,咍,平,開,1,
386,祖,才,精,咍,平,開,1,
387,倉,才,清,咍,平,開,1,
388,土,來,透,咍,平,開,1,
389,戶,來,匣,咍,平,開,1,
390,蘇,來,心,咍,平,開,1,
391,五,來,疑,咍,平,開,1,
392,奴,來,泥,咍,平,開,1,
393,丁,來,端,咍,平,開,1,
394,昌,來,昌,咍,平,開,3,
395,職,鄰,章,眞,平,開,3,
396,丑,人,徹,眞,平,開,3,
397,於,真,影,眞,平,開,3,A
398,息,鄰,心,眞,平,開,3,
399,植,鄰,常,眞,平,開,3,
400,如,鄰,日,眞,平,開,3,
401,食,鄰,船,眞,平,開,3,
402,七,人,清,眞,平,開,3,
403,下,珍,云,眞,平,開,3,A
404,失,人,書,眞,平,開,3,
405,必,鄰,幫,眞,平,,3,A
406,力,珍,來,眞,平,開,3,
407,巨,巾,羣,眞,平,開,3,B
408,陟,鄰,知,眞,平,開,3,
409,直,珍,澄,眞,平,開,3,
410,將,鄰,精,眞,平,開,3,
411,昌,真,昌,眞,平,開,3,
412,匠,鄰,從,眞,平,開,3,
413,翼,真,以,眞,平,開,3,A
414,女,鄰,孃,眞,平,開,3,
415,匹,賓,滂,眞,平,,3,A
416,符,真,並,眞,平,,3,A
417,語,巾,疑,眞,平,開,3,B
418,居,銀,見,眞,平,開,3,B
419,居,筠,見,眞,平,合,3,B
420,爲,贇,云,眞,平,合,3,B
421,去,倫,溪,眞,平,合,3,B
422,武,巾,明,眞,平,,3,B
423,符,巾,並,眞,平,,3,B
424,於,巾,影,眞,平,開,3,B
425,於,倫,影,眞,平,合,3,B
426,府,巾,幫,眞,平,,3,B
427,彌,鄰,明,眞,平,,3,A
428,章,倫,章,眞,平,合,3,
429,丑,倫,徹,眞,平,合,3,
430,直,倫,澄,眞,平,合,3,
431,相,倫,心,眞,平,合,3,
432,常,倫,常,眞,平,合,3,
433,如,勻,日,眞,平,合,3,
434,食,倫,船,眞,平,合,3,
435,力,迍,來,眞,平,合,3,
436,陟,綸,知,眞,平,合,3,
437,七,倫,清,眞,平,合,3,
438,將,倫,精,眞,平,合,3,
439,昌,脣,昌,眞,平,合,3,
440,昨,旬,從,眞,平,合,3,
441,羊,倫,以,眞,平,合,3,A
442,詳,遵,邪,眞,平,合,3,
443,居,勻,見,眞,平,合,3,A
444,渠,人,羣,眞,平,開,3,A
445,普,巾,滂,眞,平,,3,B
446,側,詵,莊,臻,平,開,3,
447,所,臻,生,臻,平,開,3,
448,士,臻,崇,臻,平,開,3,
449,無,分,明,文,平,,3,
450,王,分,云,文,平,合,3,
451,於,云,影,文,平,合,3,
452,符,分,並,文,平,,3,
453,府,文,幫,文,平,,3,
454,渠,云,羣,文,平,合,3,
455,許,云,曉,文,平,合,3,
456,舉,云,見,文,平,合,3,
457,撫,文,滂,文,平,,3,
458,許,斤,曉,欣,平,開,3,
459,於,斤,影,欣,平,開,3,
460,巨,斤,羣,欣,平,開,3,
461,舉,欣,見,欣,平,開,3,
462,語,斤,疑,欣,平,開,3,
463,愚,袁,疑,元,平,合,3,
464,雨,元,云,元,平,合,3,
465,附,袁,並,元,平,,3,
466,孚,袁,滂,元,平,,3,
467,況,袁,曉,元,平,合,3,
468,於,袁,影,元,平,合,3,
469,語,軒,疑,元,平,開,3,
470,丘,言,溪,元,平,開,3,
471,虛,言,曉,元,平,開,3,
472,居,言,見,元,平,開,3,
473,謁,言,影,元,平,開,3,
474,甫,煩,幫,元,平,,3,
475,巨,言,羣,元,平,開,3,
476,武,元,明,元,平,,3,
477,戶,昆,匣,魂,平,合,1,
478,古,渾,見,魂,平,合,1,
479,烏,渾,影,魂,平,合,1,
480,莫,奔,明,魂,平,,1,
481,思,渾,心,魂,平,合,1,
482,祖,昆,精,魂,平,合,1,
483,徂,尊,從,魂,平,合,1,
484,都,昆,端,魂,平,合,1,
485,他,昆,透,魂,平,合,1,
486,徒,渾,定,魂,平,合,1,
487,此,尊,清,魂,平,合,1,
488,牛,昆,疑,魂,平,合,1,
489,蒲,奔,並,魂,平,,1,
490,博,昆,幫,魂,平,,1,
491,盧,昆,來,魂,平,合,1,
492,苦,昆,溪,魂,平,合,1,
493,呼,昆,曉,魂,平,合,1,
494,普,䰟,滂,魂,平,,1,
495,奴,昆,泥,魂,平,合,1,
496,戶,恩,匣,痕,平,開,1,
497,古,痕,見,痕,平,開,1,
498,烏,痕,影,痕,平,開,1,
499,吐,根,透,痕,平,開,1,
500,五,根,疑,痕,平,開,1,
501,胡,安,匣,寒,平,開,1,
502,俄,寒,疑,寒,平,開,1,
503,都,寒,端,寒,平,開,1,
504,烏,寒,影,寒,平,開,1,
505,那,干,泥,寒,平,開,1,
506,七,安,清,寒,平,開,1,
507,他,干,透,寒,平,開,1,
508,蘇,干,心,寒,平,開,1,
509,徒,干,定,寒,平,開,1,
510,昨,干,從,寒,平,開,1,
511,古,寒,見,寒,平,開,1,
512,落,干,來,寒,平,開,1,
513,苦,寒,溪,寒,平,開,1,
514,許,干,曉,寒,平,開,1,
515,乃,官,泥,寒,平,合,1,
516,胡,官,匣,寒,平,合,1,
517,五,丸,疑,寒,平,合,1,
518,多,官,端,寒,平,合,1,
519,一,丸,影,寒,平,合,1,
520,他,端,透,寒,平,合,1,
521,素,官,心,寒,平,合,1,
522,度,官,定,寒,平,合,1,
523,在,丸,從,寒,平,合,1,
524,古,丸,見,寒,平,合,1,
525,落,官,來,寒,平,合,1,
526,呼,官,曉,寒,平,合,1,
527,苦,官,溪,寒,平,合,1,
528,借,官,精,寒,平,合,1,
529,薄,官,並,寒,平,,1,
530,母,官,明,寒,平,,1,
531,普,官,滂,寒,平,,1,
532,北,潘,幫,寒,平,,1,
533,所,姦,生,刪,平,開,2,
534,古,還,見,刪,平,合,2,
535,烏,關,影,刪,平,合,2,
536,數,還,生,刪,平,合,2,
537,戶,關,匣,刪,平,合,2,
538,布,還,幫,刪,平,,2,
539,莫,還,明,刪,平,,2,
540,五,姦,疑,刪,平,開,2,
541,古,顏,見,刪,平,開,2,
542,普,班,滂,刪,平,,2,
543,奴,還,孃,刪,平,合,2,
544,五,還,疑,刪,平,合,2,
545,丘,姦,溪,刪,平,開,2,
546,阻,頑,莊,刪,平,合,2,
547,所,閒,生,山,平,開,2,
548,古,頑,見,山,平,合,2,
549,古,閑,見,山,平,開,2,
550,戶,閒,匣,山,平,開,2,
551,苦,閑,溪,山,平,開,2,
552,士,山,崇,山,平,開,2,
553,許,閒,曉,山,平,開,2,
554,五,閑,疑,山,平,開,2,
555,烏,閑,影,山,平,開,2,
556,方,閑,幫,山,平,,2,
557,力,閑,來,山,平,開,2,
558,女,閑,孃,山,平,開,2,
559,充,山,昌,山,平,開,3,
560,委,鰥,影,山,平,合,2,
561,墜,頑,澄,山,平,合,2,
562,力,頑,來,山,平,合,2,
563,跪,頑,羣,山,平,合,2,
564,陟,山,知,山,平,開,2,
565,直,閑,澄,山,平,開,2,
566,獲,頑,匣,山,平,合,2,
567,蘇,前,心,先,平,開,4,
568,昨,先,從,先,平,開,4,
569,蒼,先,清,先,平,開,4,
570,則,前,精,先,平,開,4,
571,他,前,透,先,平,開,4,
572,古,賢,見,先,平,開,4,
573,胡,田,匣,先,平,開,4,
574,烏,前,影,先,平,開,4,
575,落,賢,來,先,平,開,4,
576,徒,年,定,先,平,開,4,
577,奴,顛,泥,先,平,開,4,
578,都,年,端,先,平,開,4,
579,苦,堅,溪,先,平,開,4,
580,五,堅,疑,先,平,開,4,
581,莫,賢,明,先,平,,4,
582,部,田,並,先,平,,4,
583,烏,玄,影,先,平,合,4,
584,古,玄,見,先,平,合,4,
585,火,玄,曉,先,平,合,4,
586,布,玄,幫,先,平,,4,
587,胡,涓,匣,先,平,合,4,
588,呼,煙,曉,先,平,開,4,
589,崇,玄,崇,先,平,合,4,
590,相,然,心,仙,平,開,3,
591,昨,仙,從,仙,平,開,3,
592,七,然,清,仙,平,開,3,
593,子,仙,精,仙,平,開,3,
594,如,延,日,仙,平,開,3,
595,以,然,以,仙,平,開,3,A
596,諸,延,章,仙,平,開,3,
597,居,延,見,仙,平,開,3,A
598,張,連,知,仙,平,開,3,
599,士,連,崇,仙,平,開,3,
600,式,連,書,仙,平,開,3,
601,丑,延,徹,仙,平,開,3,
602,市,連,常,仙,平,開,3,
603,直,連,澄,仙,平,開,3,
604,許,延,曉,仙,平,開,3,B
605,力,延,來,仙,平,開,3,
606,芳,連,滂,仙,平,,3,A
607,房,連,並,仙,平,,3,A
608,武,延,明,仙,平,,3,A
609,疾,緣,從,仙,平,合,3,
610,須,緣,心,仙,平,合,3,
611,子,泉,精,仙,平,合,3,
612,許,緣,曉,仙,平,合,3,A
613,而,緣,日,仙,平,合,3,
614,昌,緣,昌,仙,平,合,3,
615,與,專,以,仙,平,合,3,A
616,似,宣,邪,仙,平,合,3,
617,於,緣,影,仙,平,合,3,A
618,食,川,船,仙,平,合,3,
619,卑,連,幫,仙,平,,3,A
620,夕,連,邪,仙,平,開,3,
621,此,緣,清,仙,平,合,3,
622,職,緣,章,仙,平,合,3,
623,市,緣,常,仙,平,合,3,
624,王,權,云,仙,平,合,3,B
625,莊,緣,莊,仙,平,合,3,
626,山,員,生,仙,平,合,3,
627,丑,緣,徹,仙,平,合,3,
628,渠,焉,羣,仙,平,開,3,B
629,去,乾,溪,仙,平,開,3,B
630,巨,員,羣,仙,平,合,3,B
631,直,攣,澄,仙,平,合,3,
632,呂,員,來,仙,平,合,3,
633,丘,圓,溪,仙,平,合,3,B
634,於,乾,影,仙,平,開,3,B
635,有,乾,云,仙,平,開,3,B
636,於,權,影,仙,平,合,3,B
637,尺,延,昌,仙,平,開,3,
638,丁,全,知,仙,平,合,3,
639,居,員,見,仙,平,合,3,B
640,蘇,彫,心,蕭,平,開,4,
641,吐,彫,透,蕭,平,開,4,
642,都,聊,端,蕭,平,開,4,
643,徒,聊,定,蕭,平,開,4,
644,古,堯,見,蕭,平,開,4,
645,落,蕭,來,蕭,平,開,4,
646,五,聊,疑,蕭,平,開,4,
647,許,幺,曉,蕭,平,開,4,
648,於,堯,影,蕭,平,開,4,
649,苦,幺,溪,蕭,平,開,4,
650,相,邀,心,宵,平,開,3,
651,敕,宵,徹,宵,平,開,3,
652,陟,遙,知,宵,平,開,3,
653,直,遙,澄,宵,平,開,3,
654,許,嬌,曉,宵,平,開,3,B
655,昨,焦,從,宵,平,開,3,
656,舉,喬,見,宵,平,開,3,B
657,即,消,精,宵,平,開,3,
658,如,招,日,宵,平,開,3,
659,式,招,書,宵,平,開,3,
660,餘,昭,以,宵,平,開,3,A
661,市,昭,常,宵,平,開,3,
662,止,遙,章,宵,平,開,3,
663,甫,遙,幫,宵,平,,3,A
664,甫,嬌,幫,宵,平,,3,B
665,符,霄,並,宵,平,,3,A
666,彌,遙,明,宵,平,,3,A
667,武,瀌,明,宵,平,,3,B
668,於,霄,影,宵,平,開,3,A
669,于,嬌,云,宵,平,開,3,B
670,巨,嬌,羣,宵,平,開,3,B
671,七,遙,清,宵,平,開,3,
672,於,喬,影,宵,平,開,3,B
673,去,遙,溪,宵,平,開,3,A
674,尺,招,昌,宵,平,開,3,
675,撫,招,滂,宵,平,,3,A
676,渠,遙,羣,宵,平,開,3,A
677,力,昭,來,宵,平,開,3,
678,起,囂,溪,宵,平,開,3,B
679,胡,茅,匣,肴,平,開,2,
680,古,肴,見,肴,平,開,2,
681,鉏,交,崇,肴,平,開,2,
682,女,交,孃,肴,平,開,2,
683,所,交,生,肴,平,開,2,
684,莫,交,明,肴,平,,2,
685,許,交,曉,肴,平,開,2,
686,布,交,幫,肴,平,,2,
687,匹,交,滂,肴,平,,2,
688,口,交,溪,肴,平,開,2,
689,五,交,疑,肴,平,開,2,
690,側,交,莊,肴,平,開,2,
691,陟,交,知,肴,平,開,2,
692,楚,交,初,肴,平,開,2,
693,薄,交,並,肴,平,,2,
694,於,交,影,肴,平,開,2,
695,敕,交,徹,肴,平,開,2,
696,力,嘲,來,肴,平,開,2,
697,直,交,澄,肴,平,開,2,
698,胡,刀,匣,豪,平,開,1,
699,古,勞,見,豪,平,開,1,
700,魯,刀,來,豪,平,開,1,
701,呼,毛,曉,豪,平,開,1,
702,莫,袍,明,豪,平,,1,
703,土,刀,透,豪,平,開,1,
704,都,牢,端,豪,平,開,1,
705,蘇,遭,心,豪,平,開,1,
706,薄,襃,並,豪,平,,1,
707,博,毛,幫,豪,平,,1,
708,徒,刀,定,豪,平,開,1,
709,作,曹,精,豪,平,開,1,
710,五,勞,疑,豪,平,開,1,
711,昨,勞,從,豪,平,開,1,
712,於,刀,影,豪,平,開,1,
713,奴,刀,泥,豪,平,開,1,
714,苦,刀,溪,豪,平,開,1,
715,七,刀,清,豪,平,開,1,
716,普,袍,滂,豪,平,,1,
717,古,俄,見,歌,平,開,1,
718,七,何,清,歌,平,開,1,
719,得,何,端,歌,平,開,1,
720,素,何,心,歌,平,開,1,
721,徒,河,定,歌,平,開,1,
722,昨,何,從,歌,平,開,1,
723,五,何,疑,歌,平,開,1,
724,託,何,透,歌,平,開,1,
725,魯,何,來,歌,平,開,1,
726,諾,何,泥,歌,平,開,1,
727,胡,歌,匣,歌,平,開,1,
728,虎,何,曉,歌,平,開,1,
729,苦,何,溪,歌,平,開,1,
730,烏,何,影,歌,平,開,1,
731,古,禾,見,歌,平,合,1,
732,七,戈,清,歌,平,合,1,
733,丁,戈,端,歌,平,合,1,
734,蘇,禾,心,歌,平,合,1,
735,薄,波,並,歌,平,,1,
736,徒,和,定,歌,平,合,1,
737,莫,婆,明,歌,平,,1,
738,昨,禾,從,歌,平,合,1,
739,五,禾,疑,歌,平,合,1,
740,土,禾,透,歌,平,合,1,
741,落,戈,來,歌,平,合,1,
742,奴,禾,泥,歌,平,合,1,
743,博,禾,幫,歌,平,,1,
744,滂,禾,滂,歌,平,,1,
745,戶,戈,匣,歌,平,合,1,
746,苦,禾,溪,歌,平,合,1,
747,烏,禾,影,歌,平,合,1,
748,許,𦚢,曉,歌,平,合,3,
749,於,靴,影,歌,平,合,3,
750,去,靴,溪,歌,平,合,3,
751,求,迦,羣,歌,平,開,3,
752,丘,伽,溪,歌,平,開,3,
753,居,伽,見,歌,平,開,3,
754,醋,伽,清,歌,平,合,3,
755,子,𩨷,精,歌,平,合,3,
756,巨,靴,羣,歌,平,合,3,
757,縷,𩨷,來,歌,平,合,3,
758,莫,霞,明,麻,平,,2,
759,尺,遮,昌,麻,平,開,3,
760,式,車,書,麻,平,開,3,
761,以,遮,以,麻,平,開,3,
762,正,奢,章,麻,平,開,3,
763,子,邪,精,麻,平,開,3,
764,食,遮,船,麻,平,開,3,
765,戶,花,匣,麻,平,合,2,
766,古,華,見,麻,平,合,2,
767,呼,瓜,曉,麻,平,合,2,
768,苦,瓜,溪,麻,平,合,2,
769,女,加,孃,麻,平,開,2,
770,古,牙,見,麻,平,開,2,
771,胡,加,匣,麻,平,開,2,
772,普,巴,滂,麻,平,,2,
773,於,加,影,麻,平,開,2,
774,伯,加,幫,麻,平,,2,
775,初,牙,初,麻,平,開,2,
776,所,加,生,麻,平,開,2,
777,五,加,疑,麻,平,開,2,
778,側,加,莊,麻,平,開,2,
779,宅,加,澄,麻,平,開,2,
780,似,嗟,邪,麻,平,開,3,
781,視,遮,常,麻,平,開,3,
782,烏,瓜,影,麻,平,合,2,
783,莊,華,莊,麻,平,合,2,
784,陟,瓜,知,麻,平,合,2,
785,蒲,巴,並,麻,平,,2,
786,鉏,加,崇,麻,平,開,2,
787,敕,加,徹,麻,平,開,2,
788,陟,加,知,麻,平,開,2,
789,許,加,曉,麻,平,開,2,
790,苦,加,溪,麻,平,開,2,
791,才,邪,從,麻,平,開,3,
792,人,賒,日,麻,平,開,3,
793,寫,邪,心,麻,平,開,3,
794,陟,邪,知,麻,平,開,3,
795,五,瓜,疑,麻,平,合,2,
796,與,章,以,陽,平,開,3,
797,似,羊,邪,陽,平,開,3,
798,呂,張,來,陽,平,開,3,
799,許,良,曉,陽,平,開,3,
800,式,羊,書,陽,平,開,3,
801,符,方,並,陽,平,,3,
802,諸,良,章,陽,平,開,3,
803,尺,良,昌,陽,平,開,3,
804,去,羊,溪,陽,平,開,3,
805,居,良,見,陽,平,開,3,
806,直,良,澄,陽,平,開,3,
807,陟,良,知,陽,平,開,3,
808,汝,陽,日,陽,平,開,3,
809,府,良,幫,陽,平,,3,
810,息,良,心,陽,平,開,3,
811,即,良,精,陽,平,開,3,
812,初,良,初,陽,平,開,3,
813,武,方,明,陽,平,,3,
814,女,良,孃,陽,平,開,3,
815,士,莊,崇,陽,平,開,3,
816,側,羊,莊,陽,平,開,3,
817,市,羊,常,陽,平,開,3,
818,色,莊,生,陽,平,開,3,
819,在,良,從,陽,平,開,3,
820,七,羊,清,陽,平,開,3,
821,去,王,溪,陽,平,合,3,
822,雨,方,云,陽,平,合,3,
823,於,良,影,陽,平,開,3,
824,巨,良,羣,陽,平,開,3,
825,褚,羊,徹,陽,平,開,3,
826,敷,方,滂,陽,平,,3,
827,巨,王,羣,陽,平,合,3,
828,徒,郎,定,唐,平,開,1,
829,魯,當,來,唐,平,開,1,
830,都,郎,端,唐,平,開,1,
831,七,岡,清,唐,平,開,1,
832,古,郎,見,唐,平,開,1,
833,息,郎,心,唐,平,開,1,
834,苦,岡,溪,唐,平,開,1,
835,呼,光,曉,唐,平,合,1,
836,胡,光,匣,唐,平,合,1,
837,古,黃,見,唐,平,合,1,
838,吐,郎,透,唐,平,開,1,
839,普,郎,滂,唐,平,,1,
840,烏,光,影,唐,平,合,1,
841,烏,郎,影,唐,平,開,1,
842,呼,郎,曉,唐,平,開,1,
843,胡,郎,匣,唐,平,開,1,
844,莫,郎,明,唐,平,,1,
845,則,郎,精,唐,平,開,1,
846,奴,當,泥,唐,平,開,1,
847,步,光,並,唐,平,,1,
848,五,剛,疑,唐,平,開,1,
849,昨,郎,從,唐,平,開,1,
850,苦,光,溪,唐,平,合,1,
851,博,旁,幫,唐,平,,1,
852,古,行,見,庚,平,開,2,
853,客,庚,溪,庚,平,開,2,
854,武,庚,明,庚,平,,2,
855,戶,盲,匣,庚,平,合,2,
856,甫,盲,幫,庚,平,,2,
857,虎,橫,曉,庚,平,合,2,
858,古,橫,見,庚,平,合,2,
859,薄,庚,並,庚,平,,2,
860,許,庚,曉,庚,平,開,2,
861,丑,庚,徹,庚,平,開,2,
862,楚,庚,初,庚,平,開,2,
863,助,庚,崇,庚,平,開,2,
864,於,驚,影,庚,平,開,3,
865,撫,庚,滂,庚,平,,2,
866,符,兵,並,庚,平,,3,
867,舉,卿,見,庚,平,開,3,
868,武,兵,明,庚,平,,3,
869,直,庚,澄,庚,平,開,2,
870,竹,盲,知,庚,平,開,2,
871,永,兵,云,庚,平,合,3,
872,甫,明,幫,庚,平,,3,
873,許,榮,曉,庚,平,合,3,
874,去,京,溪,庚,平,開,3,
875,所,庚,生,庚,平,開,2,
876,渠,京,羣,庚,平,開,3,
877,語,京,疑,庚,平,開,3,
878,戶,庚,匣,庚,平,開,2,
879,乃,庚,孃,庚,平,開,2,
880,古,莖,見,耕,平,開,2,
881,口,莖,溪,耕,平,開,2,
882,莫,耕,明,耕,平,,2,
883,布,耕,幫,耕,平,,2,
884,戶,萌,匣,耕,平,合,2,
885,戶,耕,匣,耕,平,開,2,
886,中,莖,知,耕,平,開,2,
887,烏,莖,影,耕,平,開,2,
888,士,耕,崇,耕,平,開,2,
889,楚,耕,初,耕,平,開,2,
890,女,耕,孃,耕,平,開,2,
891,普,耕,滂,耕,平,,2,
892,呼,宏,曉,耕,平,合,2,
893,宅,耕,澄,耕,平,開,2,
894,烏,宏,影,耕,平,合,2,
895,薄,萌,並,耕,平,,2,
896,五,莖,疑,耕,平,開,2,
897,側,莖,莊,耕,平,開,2,
898,七,情,清,清,平,開,3,
899,疾,盈,從,清,平,開,3,
900,子,盈,精,清,平,開,3,
901,以,成,以,清,平,開,3,A
902,余,傾,以,清,平,合,3,A
903,於,盈,影,清,平,開,3,A
904,陟,盈,知,清,平,開,3,
905,丑,貞,徹,清,平,開,3,
906,是,征,常,清,平,開,3,
907,直,貞,澄,清,平,開,3,
908,書,盈,書,清,平,開,3,
909,諸,盈,章,清,平,開,3,
910,去,盈,溪,清,平,開,3,A
911,武,并,明,清,平,,3,A
912,呂,貞,來,清,平,開,3,
913,府,盈,幫,清,平,,3,A
914,去,營,溪,清,平,合,3,A
915,徐,盈,邪,清,平,開,3,
916,於,營,影,清,平,合,3,A
917,渠,營,羣,清,平,合,3,A
918,息,營,心,清,平,合,3,
919,巨,成,羣,清,平,開,3,A
920,火,營,曉,清,平,合,3,A
921,倉,經,清,青,平,開,4,
922,古,靈,見,青,平,開,4,
923,戶,經,匣,青,平,開,4,
924,特,丁,定,青,平,開,4,
925,當,經,端,青,平,開,4,
926,呼,刑,曉,青,平,開,4,
927,桑,經,心,青,平,開,4,
928,普,丁,滂,青,平,,4,
929,郎,丁,來,青,平,開,4,
930,奴,丁,泥,青,平,開,4,
931,他,丁,透,青,平,開,4,
932,莫,經,明,青,平,,4,
933,薄,經,並,青,平,,4,
934,戶,扃,匣,青,平,合,4,
935,古,螢,見,青,平,合,4,
936,煑,仍,章,蒸,平,開,3,
937,署,陵,常,蒸,平,開,3,
938,直,陵,澄,蒸,平,開,3,
939,力,膺,來,蒸,平,開,3,
940,於,陵,影,蒸,平,開,3,
941,扶,冰,並,蒸,平,,3,
942,筆,陵,幫,蒸,平,,3,
943,余,陵,以,蒸,平,開,3,
944,食,陵,船,蒸,平,開,3,
945,識,蒸,書,蒸,平,開,3,
946,如,乘,日,蒸,平,開,3,
947,居,陵,見,蒸,平,開,3,
948,陟,陵,知,蒸,平,開,3,
949,疾,陵,從,蒸,平,開,3,
950,魚,陵,疑,蒸,平,開,3,
951,虛,陵,曉,蒸,平,開,3,
952,處,陵,昌,蒸,平,開,3,
953,其,矜,羣,蒸,平,開,3,
954,山,矜,生,蒸,平,開,3,
955,綺,兢,溪,蒸,平,開,3,
956,丑,升,徹,蒸,平,開,3,
957,仕,兢,崇,蒸,平,開,3,
958,披,冰,滂,蒸,平,,3,
959,都,滕,端,登,平,開,1,
960,魯,登,來,登,平,開,1,
961,蘇,增,心,登,平,開,1,
962,北,滕,幫,登,平,,1,
963,作,滕,精,登,平,開,1,
964,武,登,明,登,平,,1,
965,昨,棱,從,登,平,開,1,
966,步,崩,並,登,平,,1,
967,胡,肱,匣,登,平,合,1,
968,古,弘,見,登,平,合,1,
969,呼,肱,曉,登,平,合,1,
970,奴,登,泥,登,平,開,1,
971,徒,登,定,登,平,開,1,
972,胡,登,匣,登,平,開,1,
973,古,恆,見,登,平,開,1,
974,他,登,透,登,平,開,1,
975,普,朋,滂,登,平,,1,
976,羽,求,云,尤,平,開,3,
977,於,求,影,尤,平,開,3,
978,力,求,來,尤,平,開,3,
979,七,由,清,尤,平,開,3,
980,以,周,以,尤,平,開,3,
981,語,求,疑,尤,平,開,3,
982,即,由,精,尤,平,開,3,
983,自,秋,從,尤,平,開,3,
984,息,流,心,尤,平,開,3,
985,丑,鳩,徹,尤,平,開,3,
986,去,秋,溪,尤,平,開,3,
987,赤,周,昌,尤,平,開,3,
988,職,流,章,尤,平,開,3,
989,市,流,常,尤,平,開,3,
990,耳,由,日,尤,平,開,3,
991,式,州,書,尤,平,開,3,
992,匹,尤,滂,尤,平,,3,
993,居,求,見,尤,平,開,3,
994,甫,鳩,幫,尤,平,,3,
995,所,鳩,生,尤,平,開,3,
996,楚,鳩,初,尤,平,開,3,
997,側,鳩,莊,尤,平,開,3,
998,士,尤,崇,尤,平,開,3,
999,許,尤,曉,尤,平,開,3,
1000,似,由,邪,尤,平,開,3,
1001,直,由,澄,尤,平,開,3,
1002,張,流,知,尤,平,開,3,
1003,巨,鳩,羣,尤,平,開,3,
1004,縛,謀,並,尤,平,,3,
1005,莫,浮,明,尤,平,,3,
1006,戶,鉤,匣,侯,平,開,1,
1007,烏,侯,影,侯,平,開,1,
1008,奴,鉤,泥,侯,平,開,1,
1009,落,侯,來,侯,平,開,1,
1010,速,侯,心,侯,平,開,1,
1011,恪,侯,溪,侯,平,開,1,
1012,呼,侯,曉,侯,平,開,1,
1013,子,侯,精,侯,平,開,1,
1014,託,侯,透,侯,平,開,1,
1015,度,侯,定,侯,平,開,1,
1016,五,婁,疑,侯,平,開,1,
1017,古,侯,見,侯,平,開,1,
1018,當,侯,端,侯,平,開,1,
1019,徂,鉤,從,侯,平,開,1,
1020,薄,侯,並,侯,平,,1,
1021,千,侯,清,侯,平,開,1,
1022,亡,侯,明,侯,平,,1,
1023,於,虯,影,幽,平,開,3,
1024,渠,幽,羣,幽,平,開,3,
1025,甫,烋,幫,幽,平,,3,
1026,力,幽,來,幽,平,開,3,
1027,居,虯,見,幽,平,開,3,
1028,皮,彪,並,幽,平,,3,
1029,子,幽,精,幽,平,開,3,
1030,山,幽,生,幽,平,開,3,
1031,語,虯,疑,幽,平,開,3,
1032,香,幽,曉,幽,平,開,3,
1033,武,彪,明,幽,平,,3,
1034,七,林,清,侵,平,開,3,
1035,徐,林,邪,侵,平,開,3,
1036,力,尋,來,侵,平,開,3,
1037,丑,林,徹,侵,平,開,3,
1038,職,深,章,侵,平,開,3,
1039,直,深,澄,侵,平,開,3,
1040,知,林,知,侵,平,開,3,
1041,氏,任,常,侵,平,開,3,
1042,如,林,日,侵,平,開,3,
1043,式,針,書,侵,平,開,3,
1044,餘,針,以,侵,平,開,3,A
1045,息,林,心,侵,平,開,3,
1046,挹,淫,影,侵,平,開,3,A
1047,子,心,精,侵,平,開,3,
1048,昨,淫,從,侵,平,開,3,
1049,女,心,孃,侵,平,開,3,
1050,巨,金,羣,侵,平,開,3,B
1051,去,金,溪,侵,平,開,3,B
1052,魚,金,疑,侵,平,開,3,B
1053,許,金,曉,侵,平,開,3,B
1054,居,吟,見,侵,平,開,3,B
1055,於,金,影,侵,平,開,3,B
1056,所,今,生,侵,平,開,3,
1057,鋤,針,崇,侵,平,開,3,
1058,側,吟,莊,侵,平,開,3,
1059,楚,簪,初,侵,平,開,3,
1060,充,針,昌,侵,平,開,3,
1061,徒,含,定,覃,平,開,1,
1062,倉,含,清,覃,平,開,1,
1063,那,含,泥,覃,平,開,1,
1064,烏,含,影,覃,平,開,1,
1065,胡,男,匣,覃,平,開,1,
1066,盧,含,來,覃,平,開,1,
1067,昨,含,從,覃,平,開,1,
1068,作,含,精,覃,平,開,1,
1069,他,含,透,覃,平,開,1,
1070,丁,含,端,覃,平,開,1,
1071,口,含,溪,覃,平,開,1,
1072,火,含,曉,覃,平,開,1,
1073,蘇,含,心,覃,平,開,1,
1074,古,南,見,覃,平,開,1,
1075,五,含,疑,覃,平,開,1,
1076,徒,甘,定,談,平,開,1,
1077,古,三,見,談,平,開,1,
1078,都,甘,端,談,平,開,1,
1079,蘇,甘,心,談,平,開,1,
1080,魯,甘,來,談,平,開,1,
1081,苦,甘,溪,談,平,開,1,
1082,他,酣,透,談,平,開,1,
1083,昨,甘,從,談,平,開,1,
1084,胡,甘,匣,談,平,開,1,
1085,武,酣,明,談,平,,1,
1086,作,三,精,談,平,開,1,
1087,呼,談,曉,談,平,開,1,
1088,余,廉,以,鹽,平,開,3,A
1089,力,鹽,來,鹽,平,開,3,
1090,府,廉,幫,鹽,平,,3,B
1091,息,廉,心,鹽,平,開,3,
1092,七,廉,清,鹽,平,開,3,
1093,職,廉,章,鹽,平,開,3,
1094,視,占,常,鹽,平,開,3,
1095,失,廉,書,鹽,平,開,3,
1096,處,占,昌,鹽,平,開,3,
1097,汝,鹽,日,鹽,平,開,3,
1098,女,廉,孃,鹽,平,開,3,
1099,于,廉,云,鹽,平,開,3,B
1100,張,廉,知,鹽,平,開,3,
1101,丑,廉,徹,鹽,平,開,3,
1102,央,炎,影,鹽,平,開,3,B
1103,丘,廉,溪,鹽,平,開,3,B
1104,語,廉,疑,鹽,平,開,3,B
1105,子,廉,精,鹽,平,開,3,
1106,昨,鹽,從,鹽,平,開,3,
1107,巨,淹,羣,鹽,平,開,3,B
1108,一,鹽,影,鹽,平,開,3,A
1109,徐,鹽,邪,鹽,平,開,3,
1110,史,炎,生,鹽,平,開,3,
1111,直,廉,澄,鹽,平,開,3,
1112,巨,鹽,羣,鹽,平,開,3,A
1113,他,兼,透,添,平,開,4,
1114,丁,兼,端,添,平,開,4,
1115,徒,兼,定,添,平,開,4,
1116,勒,兼,來,添,平,開,4,
1117,苦,兼,溪,添,平,開,4,
1118,古,甜,見,添,平,開,4,
1119,戶,兼,匣,添,平,開,4,
1120,奴,兼,泥,添,平,開,4,
1121,許,兼,曉,添,平,開,4,
1122,胡,讒,匣,咸,平,開,2,
1123,古,咸,見,咸,平,開,2,
1124,所,咸,生,咸,平,開,2,
1125,乙,咸,影,咸,平,開,2,
1126,五,咸,疑,咸,平,開,2,
1127,許,咸,曉,咸,平,開,2,
1128,竹,咸,知,咸,平,開,2,
1129,女,咸,孃,咸,平,開,2,
1130,士,咸,崇,咸,平,開,2,
1131,苦,咸,溪,咸,平,開,2,
1132,戶,監,匣,銜,平,開,2,
1133,鋤,銜,崇,銜,平,開,2,
1134,五,銜,疑,銜,平,開,2,
1135,楚,銜,初,銜,平,開,2,
1136,所,銜,生,銜,平,開,2,
1137,古,銜,見,銜,平,開,2,
1138,白,銜,並,銜,平,,2,
1139,口,銜,溪,銜,平,開,2,
1140,語,𩏩,疑,嚴,平,開,3,
1141,虛,嚴,曉,嚴,平,開,3,
1142,於,嚴,影,嚴,平,開,3,
1143,丘,嚴,溪,嚴,平,開,3,
1144,符,䒦,並,凡,平,,3,
1145,匹,凡,滂,凡,平,,3,
1146,多,動,端,東,上,開,1,
1147,莫,孔,明,東,上,,1,
1148,康,董,溪,東,上,開,1,
1149,先,孔,心,東,上,開,1,
1150,他,孔,透,東,上,開,1,
1151,作,孔,精,東,上,開,1,
1152,胡,孔,匣,東,上,開,1,
1153,烏,孔,影,東,上,開,1,
1154,奴,動,泥,東,上,開,1,
1155,邊,孔,幫,東,上,,1,
1156,力,董,來,東,上,開,1,
1157,呼,孔,曉,東,上,開,1,
1158,徒,摠,定,東,上,開,1,
1159,蒲,蠓,並,東,上,,1,
1160,之,隴,章,鍾,上,開,3,
1161,丑,隴,徹,鍾,上,開,3,
1162,力,踵,來,鍾,上,開,3,
1163,於,隴,影,鍾,上,開,3,
1164,而,隴,日,鍾,上,開,3,
1165,直,隴,澄,鍾,上,開,3,
1166,知,隴,知,鍾,上,開,3,
1167,扶,隴,並,鍾,上,,3,
1168,敷,奉,滂,鍾,上,,3,
1169,余,隴,以,鍾,上,開,3,
1170,丘,隴,溪,鍾,上,開,3,
1171,時,宂,常,鍾,上,開,3,
1172,居,悚,見,鍾,上,開,3,
1173,息,拱,心,鍾,上,開,3,
1174,許,拱,曉,鍾,上,開,3,
1175,方,勇,幫,鍾,上,,3,
1176,都,𪁪,端,冬,上,合,1,
1177,莫,湩,明,冬,上,,1,
1178,渠,隴,羣,鍾,上,開,3,
1179,充,隴,昌,鍾,上,開,3,
1180,子,冢,精,鍾,上,開,3,
1181,古,項,見,江,上,開,2,
1182,步,項,並,江,上,,2,
1183,烏,項,影,江,上,開,2,
1184,武,項,明,江,上,,2,
1185,胡,講,匣,江,上,開,2,
1186,巴,講,幫,江,上,,2,
1187,虛,慃,曉,江,上,開,2,
1188,諸,氏,章,支,上,開,3,
1189,承,紙,常,支,上,開,3,
1190,文,彼,明,支,上,,3,B
1191,甫,委,幫,支,上,,3,B
1192,皮,彼,並,支,上,,3,B
1193,許,委,曉,支,上,合,3,B
1194,於,詭,影,支,上,合,3,B
1195,去,委,溪,支,上,合,3,B
1196,過,委,見,支,上,合,3,B
1197,息,委,心,支,上,合,3,
1198,力,委,來,支,上,合,3,
1199,渠,綺,羣,支,上,開,3,B
1200,於,綺,影,支,上,開,3,B
1201,居,綺,見,支,上,開,3,B
1202,墟,彼,溪,支,上,開,3,B
1203,魚,倚,疑,支,上,開,3,B
1204,韋,委,云,支,上,合,3,B
1205,即,委,精,支,上,合,3,
1206,如,累,日,支,上,合,3,
1207,雌,氏,清,支,上,開,3,
1208,池,爾,澄,支,上,開,3,
1209,斯,氏,心,支,上,開,3,
1210,移,爾,以,支,上,開,3,A
1211,力,紙,來,支,上,開,3,
1212,所,綺,生,支,上,開,3,
1213,并,弭,幫,支,上,,3,A
1214,兒,氏,日,支,上,開,3,
1215,綿,婢,明,支,上,,3,A
1216,便,俾,並,支,上,,3,A
1217,尺,氏,昌,支,上,開,3,
1218,施,是,書,支,上,開,3,
1219,將,此,精,支,上,開,3,
1220,之,累,章,支,上,合,3,
1221,初,委,初,支,上,合,3,
1222,隨,婢,邪,支,上,合,3,
1223,神,帋,船,支,上,開,3,
1224,側,氏,莊,支,上,開,3,
1225,匹,靡,滂,支,上,,3,B
1226,匹,婢,滂,支,上,,3,A
1227,羊,捶,以,支,上,合,3,A
1228,才,捶,從,支,上,合,3,
1229,丘,弭,溪,支,上,合,3,A
1230,女,氏,孃,支,上,開,3,
1231,魚,毀,疑,支,上,合,3,B
1232,渠,委,羣,支,上,合,3,B
1233,敕,豸,徹,支,上,開,3,
1234,陟,侈,知,支,上,開,3,
1235,興,倚,曉,支,上,開,3,B
1236,丘,弭,溪,支,上,開,3,A
1237,時,髓,常,支,上,合,3,
1238,居,帋,見,支,上,開,3,A
1239,職,雉,章,脂,上,開,3,
1240,承,矢,常,脂,上,開,3,
1241,無,鄙,明,脂,上,,3,B
1242,方,美,幫,脂,上,,3,B
1243,徐,姊,邪,脂,上,開,3,
1244,居,履,見,脂,上,開,3,B
1245,將,几,精,脂,上,開,3,
1246,卑,履,幫,脂,上,,3,A
1247,居,洧,見,脂,上,合,3,B
1248,榮,美,云,脂,上,合,3,B
1249,式,視,書,脂,上,開,3,
1250,直,几,澄,脂,上,開,3,
1251,息,姊,心,脂,上,開,3,
1252,扶,履,並,脂,上,,3,A
1253,力,几,來,脂,上,開,3,
1254,式,軌,書,脂,上,合,3,
1255,力,軌,來,脂,上,合,3,
1256,求,癸,羣,脂,上,合,3,A
1257,千,水,清,脂,上,合,3,
1258,女,履,孃,脂,上,開,3,
1259,居,誄,見,脂,上,合,3,A
1260,符,鄙,並,脂,上,,3,B
1261,徂,累,從,脂,上,合,3,
1262,匹,鄙,滂,脂,上,,3,B
1263,如,壘,日,脂,上,合,3,
1264,以,水,以,脂,上,合,3,A
1265,於,几,影,脂,上,開,3,B
1266,遵,誄,精,脂,上,合,3,
1267,豬,几,知,脂,上,開,3,
1268,楮,几,徹,脂,上,開,3,
1269,火,癸,曉,脂,上,合,3,A
1270,暨,軌,羣,脂,上,合,3,B
1271,暨,几,羣,脂,上,開,3,B
1272,丘,軌,溪,脂,上,合,3,B
1273,諸,市,章,之,上,開,3,
1274,時,止,常,之,上,開,3,
1275,陟,里,知,之,上,開,3,
1276,虛,里,曉,之,上,開,3,
1277,居,理,見,之,上,開,3,
1278,羊,己,以,之,上,開,3,
1279,詳,里,邪,之,上,開,3,
1280,疎,士,生,之,上,開,3,
1281,而,止,日,之,上,開,3,
1282,良,士,來,之,上,開,3,
1283,胥,里,心,之,上,開,3,
1284,詩,止,書,之,上,開,3,
1285,直,里,澄,之,上,開,3,
1286,墟,里,溪,之,上,開,3,
1287,鉏,里,崇,之,上,開,3,
1288,牀,史,俟,之,上,開,3,
1289,即,里,精,之,上,開,3,
1290,于,紀,云,之,上,開,3,
1291,魚,紀,疑,之,上,開,3,
1292,昌,里,昌,之,上,開,3,
1293,敕,里,徹,之,上,開,3,
1294,初,紀,初,之,上,開,3,
1295,阻,史,莊,之,上,開,3,
1296,於,擬,影,之,上,開,3,
1297,乃,里,孃,之,上,開,3,
1298,無,匪,明,微,上,,3,
1299,於,豈,影,微,上,開,3,
1300,袪,豨,溪,微,上,開,3,
1301,居,豨,見,微,上,開,3,
1302,敷,尾,滂,微,上,,3,
1303,府,尾,幫,微,上,,3,
1304,于,鬼,云,微,上,合,3,
1305,居,偉,見,微,上,合,3,
1306,許,偉,曉,微,上,合,3,
1307,魚,豈,疑,微,上,開,3,
1308,虛,豈,曉,微,上,開,3,
1309,於,鬼,影,微,上,合,3,
1310,浮,鬼,並,微,上,,3,
1311,魚,巨,疑,魚,上,開,3,
1312,力,舉,來,魚,上,開,3,
1313,直,呂,澄,魚,上,開,3,
1314,余,呂,以,魚,上,開,3,
1315,章,与,章,魚,上,開,3,
1316,人,渚,日,魚,上,開,3,
1317,舒,呂,書,魚,上,開,3,
1318,昌,與,昌,魚,上,開,3,
1319,丁,呂,知,魚,上,開,3,
1320,私,呂,心,魚,上,開,3,
1321,丑,呂,徹,魚,上,開,3,
1322,尼,呂,孃,魚,上,開,3,
1323,虛,呂,曉,魚,上,開,3,
1324,其,呂,羣,魚,上,開,3,
1325,疎,舉,生,魚,上,開,3,
1326,創,舉,初,魚,上,開,3,
1327,側,呂,莊,魚,上,開,3,
1328,牀,呂,崇,魚,上,開,3,
1329,慈,呂,從,魚,上,開,3,
1330,於,許,影,魚,上,開,3,
1331,居,許,見,魚,上,開,3,
1332,徐,呂,邪,魚,上,開,3,
1333,羌,舉,溪,魚,上,開,3,
1334,神,與,船,魚,上,開,3,
1335,承,與,常,魚,上,開,3,
1336,七,與,清,魚,上,開,3,
1337,子,與,精,魚,上,開,3,
1338,虞,矩,疑,虞,上,合,3,
1339,王,矩,云,虞,上,合,3,
1340,慈,庾,從,虞,上,合,3,
1341,方,矩,幫,虞,上,,3,
1342,文,甫,明,虞,上,,3,
1343,扶,雨,並,虞,上,,3,
1344,芳,武,滂,虞,上,,3,
1345,直,主,澄,虞,上,合,3,
1346,況,羽,曉,虞,上,合,3,
1347,臣,庾,常,虞,上,合,3,
1348,以,主,以,虞,上,合,3,
1349,之,庾,章,虞,上,合,3,
1350,於,武,影,虞,上,合,3,
1351,驅,雨,溪,虞,上,合,3,
1352,知,庾,知,虞,上,合,3,
1353,而,主,日,虞,上,合,3,
1354,其,矩,羣,虞,上,合,3,
1355,所,矩,生,虞,上,合,3,
1356,俱,雨,見,虞,上,合,3,
1357,七,庾,清,虞,上,合,3,
1358,力,主,來,虞,上,合,3,
1359,相,庾,心,虞,上,合,3,
1360,鶵,禹,崇,虞,上,合,3,
1361,莫,補,明,模,上,,1,
1362,他,魯,透,模,上,,1,
1363,徒,古,定,模,上,,1,
1364,郎,古,來,模,上,,1,
1365,采,古,清,模,上,,1,
1366,當,古,端,模,上,,1,
1367,公,戶,見,模,上,,1,
1368,疑,古,疑,模,上,,1,
1369,裴,古,並,模,上,,1,
1370,徂,古,從,模,上,,1,
1371,則,古,精,模,上,,1,
1372,呼,古,曉,模,上,,1,
1373,安,古,影,模,上,,1,
1374,康,杜,溪,模,上,,1,
1375,奴,古,泥,模,上,,1,
1376,侯,古,匣,模,上,,1,
1377,滂,古,滂,模,上,,1,
1378,博,古,幫,模,上,,1,
1379,徂,禮,從,齊,上,開,4,
1380,盧,啓,來,齊,上,開,4,
1381,他,禮,透,齊,上,開,4,
1382,匹,米,滂,齊,上,,4,
1383,子,禮,精,齊,上,開,4,
1384,都,禮,端,齊,上,開,4,
1385,徒,禮,定,齊,上,開,4,
1386,奴,禮,泥,齊,上,開,4,
1387,先,禮,心,齊,上,開,4,
1388,千,禮,清,齊,上,開,4,
1389,康,禮,溪,齊,上,開,4,
1390,胡,禮,匣,齊,上,開,4,
1391,莫,禮,明,齊,上,,4,
1392,傍,禮,並,齊,上,,4,
1393,烏,弟,影,齊,上,開,4,
1394,研,啓,疑,齊,上,開,4,
1395,補,米,幫,齊,上,,4,
1396,胡,買,匣,佳,上,開,2,
1397,莫,蟹,明,佳,上,,2,
1398,苦,蟹,溪,佳,上,開,2,
1399,宅,買,澄,佳,上,開,2,
1400,奴,蟹,孃,佳,上,開,2,
1401,薄,蟹,並,佳,上,,2,
1402,烏,蟹,影,佳,上,開,2,
1403,北,買,幫,佳,上,,2,
1404,佳,買,見,佳,上,開,2,
1405,所,蟹,生,佳,上,開,2,
1406,乖,買,見,佳,上,合,2,
1407,丈,夥,澄,佳,上,合,2,
1408,懷,𠁥,匣,佳,上,合,2,
1409,花,夥,曉,佳,上,合,2,
1410,求,蟹,羣,佳,上,開,2,
1411,侯,楷,匣,皆,上,開,2,
1412,苦,駭,溪,皆,上,開,2,
1413,五,駭,疑,皆,上,開,2,
1414,於,駭,影,皆,上,開,2,
1415,呼,罪,曉,灰,上,合,1,
1416,烏,賄,影,灰,上,合,1,
1417,落,猥,來,灰,上,合,1,
1418,徒,猥,定,灰,上,合,1,
1419,徂,賄,從,灰,上,合,1,
1420,武,罪,明,灰,上,,1,
1421,吐,猥,透,灰,上,合,1,
1422,胡,罪,匣,灰,上,合,1,
1423,口,猥,溪,灰,上,合,1,
1424,都,罪,端,灰,上,合,1,
1425,奴,罪,泥,灰,上,合,1,
1426,五,罪,疑,灰,上,合,1,
1427,七,罪,清,灰,上,合,1,
1428,蒲,罪,並,灰,上,,1,
1429,子,罪,精,灰,上,合,1,
1430,呼,改,曉,咍,上,開,1,
1431,苦,亥,溪,咍,上,開,1,
1432,作,亥,精,咍,上,開,1,
1433,徒,亥,定,咍,上,開,1,
1434,奴,亥,泥,咍,上,開,1,
1435,古,亥,見,咍,上,開,1,
1436,胡,改,匣,咍,上,開,1,
1437,匹,愷,滂,灰,上,,1,
1438,倉,宰,清,咍,上,開,1,
1439,昌,紿,昌,咍,上,開,3,
1440,多,改,端,咍,上,開,1,
1441,昨,宰,從,咍,上,開,1,
1442,於,改,影,咍,上,開,1,
1443,夷,在,以,咍,上,開,3,
1444,他,亥,透,咍,上,開,1,
1445,如,亥,日,咍,上,開,3,
1446,來,改,來,咍,上,開,1,
1447,章,忍,章,眞,上,開,3,
1448,丑,忍,徹,眞,上,開,3,
1449,時,忍,常,眞,上,開,3,
1450,而,軫,日,眞,上,開,3,
1451,式,忍,書,眞,上,開,3,
1452,良,忍,來,眞,上,開,3,
1453,直,引,澄,眞,上,開,3,
1454,居,忍,見,眞,上,開,3,A
1455,慈,忍,從,眞,上,開,3,
1456,即,忍,精,眞,上,開,3,
1457,毗,忍,並,眞,上,,3,A
1458,宜,引,疑,眞,上,開,3,B
1459,七,忍,清,眞,上,開,3,
1460,渠,殞,羣,眞,上,合,3,B
1461,余,忍,以,眞,上,開,3,A
1462,眉,殞,明,眞,上,,3,B
1463,武,盡,明,眞,上,,3,A
1464,于,敏,云,眞,上,合,3,B
1465,之,尹,章,眞,上,合,3,
1466,余,準,以,眞,上,合,3,A
1467,思,尹,心,眞,上,合,3,
1468,而,允,日,眞,上,合,3,
1469,尺,尹,昌,眞,上,合,3,
1470,食,尹,船,眞,上,合,3,
1471,癡,準,徹,眞,上,合,3,
1472,力,準,來,眞,上,合,3,
1473,丘,尹,溪,眞,上,合,3,B
1474,弃,忍,溪,眞,上,開,3,A
1475,式,允,書,眞,上,合,3,
1476,興,腎,曉,眞,上,開,3,B
1477,鉏,紖,崇,眞,上,開,3,
1478,珍,忍,知,眞,上,開,3,
1479,武,粉,明,文,上,,3,
1480,方,吻,幫,文,上,,3,
1481,房,吻,並,文,上,,3,
1482,敷,粉,滂,文,上,,3,
1483,於,粉,影,文,上,合,3,
1484,魚,吻,疑,文,上,合,3,
1485,云,粉,云,文,上,合,3,
1486,丘,粉,溪,文,上,合,3,
1487,於,謹,影,欣,上,開,3,
1488,居,隱,見,欣,上,開,3,
1489,仄,謹,莊,欣,上,開,3,
1490,丘,謹,溪,欣,上,開,3,
1491,其,謹,羣,欣,上,開,3,
1492,初,謹,初,欣,上,開,3,
1493,牛,謹,疑,欣,上,開,3,
1494,休,謹,曉,欣,上,開,3,
1495,虞,遠,疑,元,上,合,3,
1496,雲,阮,云,元,上,合,3,
1497,於,幰,影,元,上,開,3,
1498,居,偃,見,元,上,開,3,
1499,其,偃,羣,元,上,開,3,
1500,去,偃,溪,元,上,開,3,
1501,語,偃,疑,元,上,開,3,
1502,虛,偃,曉,元,上,開,3,
1503,無,遠,明,元,上,,3,
1504,府,遠,幫,元,上,,3,
1505,求,晚,羣,元,上,合,3,
1506,於,阮,影,元,上,合,3,
1507,去,阮,溪,元,上,合,3,
1508,況,晚,曉,元,上,合,3,
1509,扶,晚,並,元,上,,3,
1510,胡,本,匣,魂,上,合,1,
1511,普,本,滂,魂,上,,1,
1512,倉,本,清,魂,上,合,1,
1513,布,忖,幫,魂,上,,1,
1514,蘇,本,心,魂,上,合,1,
1515,兹,損,精,魂,上,合,1,
1516,烏,本,影,魂,上,合,1,
1517,徒,損,定,魂,上,合,1,
1518,才,本,從,魂,上,合,1,
1519,古,本,見,魂,上,合,1,
1520,他,袞,透,魂,上,合,1,
1521,苦,本,溪,魂,上,合,1,
1522,盧,本,來,魂,上,合,1,
1523,蒲,本,並,魂,上,,1,
1524,模,本,明,魂,上,,1,
1525,乃,本,泥,魂,上,合,1,
1526,虛,本,曉,魂,上,合,1,
1527,胡,墾,匣,痕,上,開,1,
1528,康,很,溪,痕,上,開,1,
1529,古,很,見,痕,上,開,1,
1530,胡,笴,匣,寒,上,開,1,
1531,多,旱,端,寒,上,開,1,
1532,他,但,透,寒,上,開,1,
1533,蘇,旱,心,寒,上,開,1,
1534,徒,旱,定,寒,上,開,1,
1535,藏,旱,從,寒,上,開,1,
1536,古,旱,見,寒,上,開,1,
1537,落,旱,來,寒,上,開,1,
1538,空,旱,溪,寒,上,開,1,
1539,呼,旱,曉,寒,上,開,1,
1540,作,旱,精,寒,上,開,1,
1541,胡,管,匣,寒,上,合,1,
1542,都,管,端,寒,上,合,1,
1543,烏,管,影,寒,上,合,1,
1544,吐,緩,透,寒,上,合,1,
1545,蘇,管,心,寒,上,合,1,
1546,古,滿,見,寒,上,合,1,
1547,盧,管,來,寒,上,合,1,
1548,苦,管,溪,寒,上,合,1,
1549,乃,管,泥,寒,上,合,1,
1550,作,管,精,寒,上,合,1,
1551,蒲,旱,並,寒,上,,1,
1552,莫,旱,明,寒,上,,1,
1553,博,管,幫,寒,上,,1,
1554,辝,纂,邪,寒,上,合,1,
1555,徒,管,定,寒,上,合,1,
1556,奴,但,泥,寒,上,開,1,
1557,普,伴,滂,寒,上,,1,
1558,數,板,生,刪,上,開,2,
1559,烏,板,影,刪,上,合,2,
1560,布,綰,幫,刪,上,,2,
1561,側,板,莊,刪,上,開,2,
1562,奴,板,孃,刪,上,開,2,
1563,下,赧,匣,刪,上,開,2,
1564,戶,板,匣,刪,上,合,2,
1565,扶,板,並,刪,上,,2,
1566,武,板,明,刪,上,,2,
1567,士,板,崇,刪,上,開,2,
1568,五,板,疑,刪,上,開,2,
1569,初,板,初,刪,上,開,2,
1570,普,板,滂,刪,上,,2,
1571,雛,鯇,崇,刪,上,合,2,
1572,所,簡,生,山,上,開,2,
1573,胡,簡,匣,山,上,開,2,
1574,武,簡,明,山,上,,2,
1575,古,限,見,山,上,開,2,
1576,初,限,初,山,上,開,2,
1577,士,限,崇,山,上,開,2,
1578,五,限,疑,山,上,開,2,
1579,阻,限,莊,山,上,開,2,
1580,初,綰,初,山,上,合,2,
1581,起,限,溪,山,上,開,2,
1582,蘇,典,心,先,上,開,4,
1583,他,典,透,先,上,開,4,
1584,多,殄,端,先,上,開,4,
1585,於,殄,影,先,上,開,4,
1586,徒,典,定,先,上,開,4,
1587,古,典,見,先,上,開,4,
1588,胡,典,匣,先,上,開,4,
1589,呼,典,曉,先,上,開,4,
1590,彌,殄,明,先,上,,4,
1591,乃,殄,泥,先,上,開,4,
1592,方,典,幫,先,上,,4,
1593,胡,畎,匣,先,上,合,4,
1594,姑,泫,見,先,上,合,4,
1595,薄,泫,並,先,上,,4,
1596,苦,泫,溪,先,上,合,4,
1597,牽,繭,溪,先,上,開,4,
1598,研,峴,疑,先,上,開,4,
1599,息,淺,心,仙,上,開,3,
1600,以,淺,以,仙,上,開,3,A
1601,慈,演,從,仙,上,開,3,
1602,知,演,知,仙,上,開,3,
1603,旨,善,章,仙,上,開,3,
1604,尼,展,孃,仙,上,開,3,
1605,七,演,清,仙,上,開,3,
1606,昌,善,昌,仙,上,開,3,
1607,去,演,溪,仙,上,開,3,A
1608,九,輦,見,仙,上,開,3,B
1609,常,演,常,仙,上,開,3,
1610,即,淺,精,仙,上,開,3,
1611,人,善,日,仙,上,開,3,
1612,徐,翦,邪,仙,上,開,3,
1613,力,展,來,仙,上,開,3,
1614,魚,蹇,疑,仙,上,開,3,B
1615,其,輦,羣,仙,上,開,3,B
1616,符,蹇,並,仙,上,,3,B
1617,彌,兗,明,仙,上,,3,A
1618,方,緬,幫,仙,上,,3,A
1619,子,兗,精,仙,上,合,3,
1620,徂,兗,從,仙,上,合,3,
1621,方,免,幫,仙,上,,3,B
1622,以,轉,以,仙,上,合,3,A
1623,力,兗,來,仙,上,合,3,
1624,陟,兗,知,仙,上,合,3,
1625,居,轉,見,仙,上,合,3,B
1626,渠,篆,羣,仙,上,合,3,B
1627,而,兗,日,仙,上,合,3,
1628,昌,兗,昌,仙,上,合,3,
1629,市,兗,常,仙,上,合,3,
1630,持,兗,澄,仙,上,合,3,
1631,旨,兗,章,仙,上,合,3,
1632,思,兗,心,仙,上,合,3,
1633,士,免,崇,仙,上,合,3,
1634,狂,兗,羣,仙,上,合,3,A
1635,香,兗,曉,仙,上,合,3,A
1636,符,善,並,仙,上,,3,A
1637,亡,辨,明,仙,上,,3,B
1638,丑,善,徹,仙,上,開,3,
1639,披,免,滂,仙,上,,3,B
1640,式,善,書,仙,上,開,3,
1641,於,蹇,影,仙,上,開,3,B
1642,除,善,澄,仙,上,開,3,
1643,士,免,崇,仙,上,開,3,
1644,先,鳥,心,蕭,上,開,4,
1645,古,了,見,蕭,上,開,4,
1646,都,了,端,蕭,上,開,4,
1647,盧,鳥,來,蕭,上,開,4,
1648,土,了,透,蕭,上,開,4,
1649,馨,皛,曉,蕭,上,開,4,
1650,烏,晈,影,蕭,上,開,4,
1651,奴,鳥,泥,蕭,上,開,4,
1652,胡,了,匣,蕭,上,開,4,
1653,徒,了,定,蕭,上,開,4,
1654,苦,皎,溪,蕭,上,開,4,
1655,子,了,精,蕭,上,開,4,
1656,私,兆,心,宵,上,開,3,
1657,治,小,澄,宵,上,開,3,
1658,之,少,章,宵,上,開,3,
1659,於,兆,影,宵,上,開,3,B
1660,丑,小,徹,宵,上,開,3,
1661,書,沼,書,宵,上,開,3,
1662,而,沼,日,宵,上,開,3,
1663,符,少,並,宵,上,,3,A
1664,尺,沼,昌,宵,上,開,3,
1665,敷,沼,滂,宵,上,,3,A
1666,亡,沼,明,宵,上,,3,A
1667,市,沼,常,宵,上,開,3,
1668,居,夭,見,宵,上,開,3,B
1669,陂,矯,幫,宵,上,,3,B
1670,方,小,幫,宵,上,,3,A
1671,平,表,並,宵,上,,3,B
1672,以,沼,以,宵,上,開,3,A
1673,親,小,清,宵,上,開,3,
1674,子,小,精,宵,上,開,3,
1675,巨,夭,羣,宵,上,開,3,B
1676,力,小,來,宵,上,開,3,
1677,滂,表,滂,宵,上,,3,B
1678,於,小,影,宵,上,開,3,A
1679,苦,絞,溪,肴,上,開,2,
1680,下,巧,匣,肴,上,開,2,
1681,博,巧,幫,肴,上,,2,
1682,奴,巧,孃,肴,上,開,2,
1683,莫,飽,明,肴,上,,2,
1684,古,巧,見,肴,上,開,2,
1685,側,絞,莊,肴,上,開,2,
1686,於,絞,影,肴,上,開,2,
1687,薄,巧,並,肴,上,,2,
1688,五,巧,疑,肴,上,開,2,
1689,士,絞,崇,肴,上,開,2,
1690,初,爪,初,肴,上,開,2,
1691,張,絞,知,肴,上,開,2,
1692,山,巧,生,肴,上,開,2,
1693,胡,老,匣,豪,上,開,1,
1694,薄,浩,並,豪,上,,1,
1695,盧,晧,來,豪,上,開,1,
1696,他,浩,透,豪,上,開,1,
1697,徒,晧,定,豪,上,開,1,
1698,奴,晧,泥,豪,上,開,1,
1699,蘇,老,心,豪,上,開,1,
1700,都,晧,端,豪,上,開,1,
1701,采,老,清,豪,上,開,1,
1702,子,晧,精,豪,上,開,1,
1703,昨,早,從,豪,上,開,1,
1704,古,老,見,豪,上,開,1,
1705,呼,晧,曉,豪,上,開,1,
1706,武,道,明,豪,上,,1,
1707,博,抱,幫,豪,上,,1,
1708,烏,晧,影,豪,上,開,1,
1709,苦,浩,溪,豪,上,開,1,
1710,五,老,疑,豪,上,開,1,
1711,古,我,見,歌,上,開,1,
1712,千,可,清,歌,上,開,1,
1713,丁,可,端,歌,上,開,1,
1714,蘇,可,心,歌,上,開,1,
1715,徒,可,定,歌,上,開,1,
1716,五,可,疑,歌,上,開,1,
1717,吐,可,透,歌,上,開,1,
1718,來,可,來,歌,上,開,1,
1719,奴,可,泥,歌,上,開,1,
1720,胡,可,匣,歌,上,開,1,
1721,虛,我,曉,歌,上,開,1,
1722,枯,我,溪,歌,上,開,1,
1723,烏,可,影,歌,上,開,1,
1724,臧,可,精,歌,上,開,1,
1725,古,火,見,歌,上,合,1,
1726,丁,果,端,歌,上,合,1,
1727,蘇,果,心,歌,上,合,1,
1728,徒,果,定,歌,上,合,1,
1729,他,果,透,歌,上,合,1,
1730,亡,果,明,歌,上,,1,
1731,徂,果,從,歌,上,合,1,
1732,五,果,疑,歌,上,合,1,
1733,郎,果,來,歌,上,合,1,
1734,烏,果,影,歌,上,合,1,
1735,奴,果,泥,歌,上,合,1,
1736,布,火,幫,歌,上,,1,
1737,普,火,滂,歌,上,,1,
1738,胡,果,匣,歌,上,合,1,
1739,呼,果,曉,歌,上,合,1,
1740,苦,果,溪,歌,上,合,1,
1741,捕,可,並,歌,上,,1,
1742,倉,果,清,歌,上,合,1,
1743,莫,下,明,麻,上,,2,
1744,章,也,章,麻,上,開,3,
1745,羊,者,以,麻,上,開,3,
1746,五,下,疑,麻,上,開,2,
1747,古,疋,見,麻,上,開,2,
1748,砂,下,生,麻,上,開,2,
1749,烏,下,影,麻,上,開,2,
1750,徐,野,邪,麻,上,開,3,
1751,胡,雅,匣,麻,上,開,2,
1752,悉,姐,心,麻,上,開,3,
1753,𩛠,瓦,莊,麻,上,合,2,
1754,彌,也,明,麻,上,,3,
1755,七,也,清,麻,上,開,3,
1756,許,下,曉,麻,上,開,2,
1757,常,者,常,麻,上,開,3,
1758,苦,下,溪,麻,上,開,2,
1759,傍,下,並,麻,上,,2,
1760,書,冶,書,麻,上,開,3,
1761,兹,野,精,麻,上,開,3,
1762,博,下,幫,麻,上,,2,
1763,胡,瓦,匣,麻,上,合,2,
1764,古,瓦,見,麻,上,合,2,
1765,五,寡,疑,麻,上,合,2,
1766,人,者,日,麻,上,開,3,
1767,側,下,莊,麻,上,開,2,
1768,都,賈,知,麻,上,開,2,
1769,士,下,崇,麻,上,開,2,
1770,昌,者,昌,麻,上,開,3,
1771,奴,下,孃,麻,上,開,2,
1772,苦,瓦,溪,麻,上,合,2,
1773,叉,瓦,初,麻,上,合,2,
1774,丑,寡,徹,麻,上,合,2,
1775,沙,瓦,生,麻,上,合,2,
1776,丑,下,徹,麻,上,開,2,
1777,盧,下,來,麻,上,開,2,
1778,餘,兩,以,陽,上,開,3,
1779,徐,兩,邪,陽,上,開,3,
1780,即,兩,精,陽,上,開,3,
1781,良,㢡,來,陽,上,開,3,
1782,於,兩,影,陽,上,開,3,
1783,其,兩,羣,陽,上,開,3,
1784,魚,兩,疑,陽,上,開,3,
1785,初,兩,初,陽,上,開,3,
1786,息,兩,心,陽,上,開,3,
1787,諸,兩,章,陽,上,開,3,
1788,疎,兩,生,陽,上,開,3,
1789,許,兩,曉,陽,上,開,3,
1790,昌,兩,昌,陽,上,開,3,
1791,居,兩,見,陽,上,開,3,
1792,直,兩,澄,陽,上,開,3,
1793,丑,兩,徹,陽,上,開,3,
1794,居,往,見,陽,上,合,3,
1795,如,兩,日,陽,上,開,3,
1796,書,兩,書,陽,上,開,3,
1797,妃,兩,滂,陽,上,,3,
1798,文,兩,明,陽,上,,3,
1799,分,网,幫,陽,上,,3,
1800,紆,往,影,陽,上,合,3,
1801,于,兩,云,陽,上,合,3,
1802,許,昉,曉,陽,上,合,3,
1803,七,兩,清,陽,上,開,3,
1804,知,丈,知,陽,上,開,3,
1805,時,掌,常,陽,上,開,3,
1806,求,往,羣,陽,上,合,3,
1807,毗,養,並,陽,上,,3,
1808,徒,朗,定,唐,上,開,1,
1809,蘇,朗,心,唐,上,開,1,
1810,古,晃,見,唐,上,合,1,
1811,北,朗,幫,唐,上,,1,
1812,子,朗,精,唐,上,開,1,
1813,奴,朗,泥,唐,上,開,1,
1814,胡,朗,匣,唐,上,開,1,
1815,他,朗,透,唐,上,開,1,
1816,模,朗,明,唐,上,,1,
1817,多,朗,端,唐,上,開,1,
1818,盧,黨,來,唐,上,開,1,
1819,烏,朗,影,唐,上,開,1,
1820,苦,朗,溪,唐,上,開,1,
1821,烏,晃,影,唐,上,合,1,
1822,胡,廣,匣,唐,上,合,1,
1823,匹,朗,滂,唐,上,,1,
1824,呼,晃,曉,唐,上,合,1,
1825,各,朗,見,唐,上,開,1,
1826,五,朗,疑,唐,上,開,1,
1827,徂,朗,從,唐,上,開,1,
1828,麁,朗,清,唐,上,開,1,
1829,呼,朗,曉,唐,上,開,1,
1830,丘,晃,溪,唐,上,合,1,
1831,古,杏,見,庚,上,開,2,
1832,兵,永,幫,庚,上,,3,
1833,居,影,見,庚,上,開,3,
1834,於,丙,影,庚,上,開,3,
1835,所,景,生,庚,上,開,3,
1836,于,憬,云,庚,上,合,3,
1837,許,永,曉,庚,上,合,3,
1838,武,永,明,庚,上,,3,
1839,俱,永,見,庚,上,合,3,
1840,何,梗,匣,庚,上,開,2,
1841,莫,杏,明,庚,上,,2,
1842,古,猛,見,庚,上,合,2,
1843,布,梗,幫,庚,上,,2,
1844,張,梗,知,庚,上,開,2,
1845,徒,杏,澄,庚,上,開,2,
1846,烏,猛,影,庚,上,合,2,
1847,魯,打,來,庚,上,開,2,
1848,乎,䁝,匣,庚,上,合,2,
1849,蒲,猛,並,庚,上,,2,
1850,苦,礦,溪,庚,上,合,2,
1851,拏,梗,孃,庚,上,開,2,
1852,古,幸,見,耕,上,開,2,
1853,武,幸,明,耕,上,,2,
1854,胡,耿,匣,耕,上,開,2,
1855,蒲,幸,並,耕,上,,2,
1856,普,幸,滂,耕,上,,2,
1857,疾,郢,從,清,上,開,3,
1858,之,郢,章,清,上,開,3,
1859,丑,郢,徹,清,上,開,3,
1860,以,整,以,清,上,開,3,A
1861,巨,郢,羣,清,上,開,3,A
1862,餘,頃,以,清,上,合,3,A
1863,良,郢,來,清,上,開,3,
1864,居,郢,見,清,上,開,3,A
1865,必,郢,幫,清,上,,3,A
1866,去,潁,溪,清,上,合,3,A
1867,子,郢,精,清,上,開,3,
1868,於,郢,影,清,上,開,3,A
1869,七,靜,清,清,上,開,3,
1870,息,井,心,清,上,開,3,
1871,亡,井,明,清,上,,3,A
1872,丈,井,澄,清,上,開,3,
1873,戶,頂,匣,青,上,合,4,
1874,古,迥,見,青,上,合,4,
1875,莫,迥,明,青,上,,4,
1876,都,挺,端,青,上,開,4,
1877,徒,鼎,定,青,上,開,4,
1878,他,鼎,透,青,上,開,4,
1879,徂,醒,從,青,上,開,4,
1880,烏,迥,影,青,上,合,4,
1881,去,挺,溪,青,上,開,4,
1882,乃,挺,泥,青,上,開,4,
1883,胡,頂,匣,青,上,開,4,
1884,蘇,挺,心,青,上,開,4,
1885,補,鼎,幫,青,上,,4,
1886,口,迥,溪,青,上,合,4,
1887,古,挺,見,青,上,開,4,
1888,匹,迥,滂,青,上,,4,
1889,烟,涬,影,青,上,開,4,
1890,力,鼎,來,青,上,開,4,
1891,蒲,迥,並,青,上,,4,
1892,火,迥,曉,青,上,合,4,
1893,五,剄,疑,青,上,開,4,
1894,,,章,蒸,上,開,3,
1895,丑,拯,徹,蒸,上,開,3,
1896,其,拯,羣,蒸,上,開,3,
1897,色,庱,生,蒸,上,開,3,
1898,多,肯,端,登,上,開,1,
1899,普,等,滂,登,上,,1,
1900,苦,等,溪,登,上,開,1,
1901,奴,等,泥,登,上,開,1,
1902,云,久,云,尤,上,開,3,
1903,力,久,來,尤,上,開,3,
1904,女,久,孃,尤,上,開,3,
1905,敕,久,徹,尤,上,開,3,
1906,陟,柳,知,尤,上,開,3,
1907,許,久,曉,尤,上,開,3,
1908,舉,有,見,尤,上,開,3,
1909,書,九,書,尤,上,開,3,
1910,昌,九,昌,尤,上,開,3,
1911,在,九,從,尤,上,開,3,
1912,房,久,並,尤,上,,3,
1913,方,久,幫,尤,上,,3,
1914,去,久,溪,尤,上,開,3,
1915,人,九,日,尤,上,開,3,
1916,其,九,羣,尤,上,開,3,
1917,除,柳,澄,尤,上,開,3,
1918,與,久,以,尤,上,開,3,
1919,殖,酉,常,尤,上,開,3,
1920,息,有,心,尤,上,開,3,
1921,於,柳,影,尤,上,開,3,
1922,子,酉,精,尤,上,開,3,
1923,疎,有,生,尤,上,開,3,
1924,之,九,章,尤,上,開,3,
1925,芳,否,滂,尤,上,,3,
1926,側,九,莊,尤,上,開,3,
1927,士,九,崇,尤,上,開,3,
1928,初,九,初,尤,上,開,3,
1929,胡,口,匣,侯,上,開,1,
1930,莫,厚,明,侯,上,,1,
1931,蒲,口,並,侯,上,,1,
1932,當,口,端,侯,上,開,1,
1933,天,口,透,侯,上,開,1,
1934,古,厚,見,侯,上,開,1,
1935,五,口,疑,侯,上,開,1,
1936,方,垢,幫,侯,上,,1,
1937,乃,后,泥,侯,上,開,1,
1938,蘇,后,心,侯,上,開,1,
1939,呼,后,曉,侯,上,開,1,
1940,普,后,滂,侯,上,,1,
1941,烏,后,影,侯,上,開,1,
1942,郎,斗,來,侯,上,開,1,
1943,子,苟,精,侯,上,開,1,
1944,苦,后,溪,侯,上,開,1,
1945,徒,口,定,侯,上,開,1,
1946,仕,垢,從,侯,上,開,1,
1947,倉,苟,清,侯,上,開,1,
1948,於,糾,影,幽,上,開,3,
1949,居,黝,見,幽,上,開,3,
1950,渠,黝,羣,幽,上,開,3,
1951,七,稔,清,侵,上,開,3,
1952,直,稔,澄,侵,上,開,3,
1953,丘,甚,溪,侵,上,開,3,B
1954,力,稔,來,侵,上,開,3,
1955,斯,甚,心,侵,上,開,3,
1956,丑,甚,徹,侵,上,開,3,
1957,子,朕,精,侵,上,開,3,
1958,如,甚,日,侵,上,開,3,
1959,章,荏,章,侵,上,開,3,
1960,式,荏,書,侵,上,開,3,
1961,食,荏,船,侵,上,開,3,
1962,常,枕,常,侵,上,開,3,
1963,昌,枕,昌,侵,上,開,3,
1964,初,朕,初,侵,上,開,3,
1965,尼,凜,孃,侵,上,開,3,
1966,渠,飲,羣,侵,上,開,3,B
1967,居,飲,見,侵,上,開,3,B
1968,慈,荏,從,侵,上,開,3,
1969,牛,錦,疑,侵,上,開,3,B
1970,疎,錦,生,侵,上,開,3,
1971,筆,錦,幫,侵,上,,3,B
1972,於,錦,影,侵,上,開,3,B
1973,丕,飲,滂,侵,上,,3,B
1974,許,錦,曉,侵,上,開,3,B
1975,張,甚,知,侵,上,開,3,
1976,以,荏,以,侵,上,開,3,A
1977,士,㾕,崇,侵,上,開,3,
1978,古,禫,見,覃,上,開,1,
1979,徒,感,定,覃,上,開,1,
1980,烏,感,影,覃,上,開,1,
1981,奴,感,泥,覃,上,開,1,
1982,他,感,透,覃,上,開,1,
1983,徂,感,從,覃,上,開,1,
1984,七,感,清,覃,上,開,1,
1985,五,感,疑,覃,上,開,1,
1986,子,感,精,覃,上,開,1,
1987,桑,感,心,覃,上,開,1,
1988,苦,感,溪,覃,上,開,1,
1989,胡,感,匣,覃,上,開,1,
1990,盧,感,來,覃,上,開,1,
1991,都,感,端,覃,上,開,1,
1992,呼,唵,曉,覃,上,開,1,
1993,古,覽,見,談,上,開,1,
1994,賞,敢,書,談,上,開,3,
1995,盧,敢,來,談,上,開,1,
1996,吐,敢,透,談,上,開,1,
1997,都,敢,端,談,上,開,1,
1998,徒,敢,定,談,上,開,1,
1999,倉,敢,清,談,上,開,1,
2000,謨,敢,明,談,上,,1,
2001,子,敢,精,談,上,開,1,
2002,才,敢,從,談,上,開,1,
2003,呼,覽,曉,談,上,開,1,
2004,烏,敢,影,談,上,開,1,
2005,口,敢,溪,談,上,開,1,
2006,以,冉,以,鹽,上,開,3,A
2007,良,冉,來,鹽,上,開,3,
2008,虛,檢,曉,鹽,上,開,3,B
2009,方,斂,幫,鹽,上,,3,B
2010,占,琰,章,鹽,上,開,3,
2011,丘,檢,溪,鹽,上,開,3,B
2012,魚,檢,疑,鹽,上,開,3,B
2013,巨,險,羣,鹽,上,開,3,B
2014,居,奄,見,鹽,上,開,3,B
2015,於,琰,影,鹽,上,開,3,A
2016,而,琰,日,鹽,上,開,3,
2017,失,冉,書,鹽,上,開,3,
2018,丑,琰,徹,鹽,上,開,3,
2019,衣,儉,影,鹽,上,開,3,B
2020,慈,染,從,鹽,上,開,3,
2021,七,漸,清,鹽,上,開,3,
2022,子,冉,精,鹽,上,開,3,
2023,謙,琰,溪,鹽,上,開,3,A
2024,時,染,常,鹽,上,開,3,
2025,他,玷,透,添,上,開,4,
2026,乃,玷,泥,添,上,開,4,
2027,多,忝,端,添,上,開,4,
2028,徒,玷,定,添,上,開,4,
2029,苦,簟,溪,添,上,開,4,
2030,力,忝,來,添,上,開,4,
2031,胡,忝,匣,添,上,開,4,
2032,青,忝,清,添,上,開,4,
2033,兼,玷,見,添,上,開,4,
2034,明,忝,明,添,上,,4,
2035,魚,埯,疑,嚴,上,開,3,
2036,丘,广,溪,嚴,上,開,3,
2037,於,广,影,嚴,上,開,3,
2038,下,斬,匣,咸,上,開,2,
2039,徒,減,澄,咸,上,開,2,
2040,苦,減,溪,咸,上,開,2,
2041,古,斬,見,咸,上,開,2,
2042,士,減,崇,咸,上,開,2,
2043,力,減,來,咸,上,開,2,
2044,側,減,莊,咸,上,開,2,
2045,初,減,初,咸,上,開,2,
2046,火,斬,曉,咸,上,開,2,
2047,所,斬,生,咸,上,開,2,
2048,乙,減,影,咸,上,開,2,
2049,女,減,孃,咸,上,開,2,
2050,丑,減,徹,咸,上,開,2,
2051,胡,黤,匣,銜,上,開,2,
2052,丘,檻,溪,銜,上,開,2,
2053,山,檻,生,銜,上,開,2,
2054,於,檻,影,銜,上,開,2,
2055,初,檻,初,銜,上,開,2,
2056,荒,檻,曉,銜,上,開,2,
2057,仕,檻,崇,銜,上,開,2,
2058,防,錽,並,凡,上,,3,
2059,亡,范,明,凡,上,,3,
2060,府,犯,幫,凡,上,,3,
2061,峯,犯,滂,凡,上,,3,
2062,丑,犯,徹,嚴,上,開,3,
2063,蘇,弄,心,東,去,開,1,
2064,馮,貢,並,東,去,,3,
2065,古,送,見,東,去,開,1,
2066,盧,貢,來,東,去,開,1,
2067,多,貢,端,東,去,開,1,
2068,苦,貢,溪,東,去,開,1,
2069,作,弄,精,東,去,開,1,
2070,烏,貢,影,東,去,開,1,
2071,千,弄,清,東,去,開,1,
2072,徒,弄,定,東,去,開,1,
2073,他,貢,透,東,去,開,1,
2074,直,眾,澄,東,去,開,3,
2075,方,鳳,幫,東,去,,3,
2076,去,仲,溪,東,去,開,3,
2077,莫,鳳,明,東,去,,3,
2078,香,仲,曉,東,去,開,3,
2079,莫,弄,明,東,去,,1,
2080,千,仲,清,東,去,開,3,
2081,撫,鳳,滂,東,去,,3,
2082,徂,送,從,東,去,開,1,
2083,陟,仲,知,東,去,開,3,
2084,胡,貢,匣,東,去,開,1,
2085,奴,凍,泥,東,去,開,1,
2086,之,仲,章,東,去,開,3,
2087,充,仲,昌,東,去,開,3,
2088,仕,仲,崇,東,去,開,3,
2089,呼,貢,曉,東,去,開,1,
2090,蘇,統,心,冬,去,合,1,
2091,子,宋,精,冬,去,合,1,
2092,他,綜,透,冬,去,合,1,
2093,莫,綜,明,冬,去,,1,
2094,乎,宋,匣,冬,去,合,1,
2095,余,頌,以,鍾,去,開,3,
2096,似,用,邪,鍾,去,開,3,
2097,扶,用,並,鍾,去,,3,
2098,渠,用,羣,鍾,去,開,3,
2099,方,用,幫,鍾,去,,3,
2100,居,用,見,鍾,去,開,3,
2101,於,用,影,鍾,去,開,3,
2102,竹,用,知,鍾,去,開,3,
2103,子,用,精,鍾,去,開,3,
2104,丑,用,徹,鍾,去,開,3,
2105,而,用,日,鍾,去,開,3,
2106,之,用,章,鍾,去,開,3,
2107,柱,用,澄,鍾,去,開,3,
2108,良,用,來,鍾,去,開,3,
2109,區,用,溪,鍾,去,開,3,
2110,疾,用,從,鍾,去,開,3,
2111,穠,用,孃,鍾,去,開,3,
2112,古,巷,見,江,去,開,2,
2113,胡,絳,匣,江,去,開,2,
2114,陟,降,知,江,去,開,2,
2115,直,絳,澄,江,去,開,2,
2116,丑,絳,徹,江,去,開,2,
2117,士,絳,崇,江,去,開,2,
2118,匹,絳,滂,江,去,,2,
2119,楚,絳,初,江,去,開,2,
2120,色,絳,生,江,去,開,2,
2121,支,義,章,支,去,開,3,
2122,毗,義,並,支,去,,3,A
2123,之,睡,章,支,去,合,3,
2124,力,智,來,支,去,開,3,
2125,是,義,常,支,去,開,3,
2126,子,智,精,支,去,開,3,
2127,斯,義,心,支,去,開,3,
2128,于,僞,云,支,去,合,3,B
2129,詭,僞,見,支,去,合,3,B
2130,披,義,滂,支,去,,3,B
2131,彼,義,幫,支,去,,3,B
2132,平,義,並,支,去,,3,B
2133,良,僞,來,支,去,合,3,
2134,居,義,見,支,去,開,3,B
2135,卑,義,幫,支,去,,3,A
2136,奇,寄,羣,支,去,開,3,B
2137,七,賜,清,支,去,開,3,
2138,以,豉,以,支,去,開,3,A
2139,宜,寄,疑,支,去,開,3,B
2140,匹,賜,滂,支,去,,3,A
2141,疾,智,從,支,去,開,3,
2142,知,義,知,支,去,開,3,
2143,於,義,影,支,去,開,3,B
2144,馳,僞,澄,支,去,合,3,
2145,尺,僞,昌,支,去,合,3,
2146,香,義,曉,支,去,開,3,B
2147,去,智,溪,支,去,開,3,A
2148,於,賜,影,支,去,開,3,A
2149,施,智,書,支,去,開,3,
2150,所,寄,生,支,去,開,3,
2151,窺,瑞,溪,支,去,合,3,A
2152,於,僞,影,支,去,合,3,B
2153,危,睡,疑,支,去,合,3,B
2154,況,僞,曉,支,去,合,3,B
2155,於,避,影,支,去,合,3,A
2156,是,僞,常,支,去,合,3,
2157,居,企,見,支,去,開,3,A
2158,而,瑞,日,支,去,合,3,
2159,充,豉,昌,支,去,開,3,
2160,思,累,心,支,去,合,3,
2161,竹,恚,知,支,去,合,3,
2162,以,睡,以,支,去,合,3,A
2163,女,恚,孃,支,去,合,3,
2164,規,恚,見,支,去,合,3,A
2165,爭,義,莊,支,去,開,3,
2166,呼,恚,曉,支,去,合,3,A
2167,卿,義,溪,支,去,開,3,B
2168,脂,利,章,脂,去,開,3,
2169,于,愧,云,脂,去,合,3,B
2170,明,祕,明,脂,去,,3,B
2171,徐,醉,邪,脂,去,合,3,
2172,將,遂,精,脂,去,合,3,
2173,雖,遂,心,脂,去,合,3,
2174,力,遂,來,脂,去,合,3,
2175,兵,媚,幫,脂,去,,3,B
2176,求,位,羣,脂,去,合,3,B
2177,匹,備,滂,脂,去,,3,B
2178,平,祕,並,脂,去,,3,B
2179,俱,位,見,脂,去,合,3,B
2180,所,類,生,脂,去,合,3,
2181,丘,愧,溪,脂,去,合,3,B
2182,許,位,曉,脂,去,合,3,B
2183,常,利,常,脂,去,開,3,
2184,力,至,來,脂,去,開,3,
2185,女,利,孃,脂,去,開,3,
2186,匹,寐,滂,脂,去,,3,A
2187,魚,器,疑,脂,去,開,3,B
2188,陟,利,知,脂,去,開,3,
2189,詰,利,溪,脂,去,開,3,A
2190,直,利,澄,脂,去,開,3,
2191,彌,二,明,脂,去,,3,A
2192,丑,利,徹,脂,去,開,3,
2193,几,利,見,脂,去,開,3,B
2194,具,冀,羣,脂,去,開,3,B
2195,其,季,羣,脂,去,合,3,A
2196,七,醉,清,脂,去,合,3,
2197,而,至,日,脂,去,開,3,
2198,資,四,精,脂,去,開,3,
2199,七,四,清,脂,去,開,3,
2200,乙,冀,影,脂,去,開,3,B
2201,息,利,心,脂,去,開,3,
2202,去,冀,溪,脂,去,開,3,B
2203,居,悸,見,脂,去,合,3,A
2204,毗,至,並,脂,去,,3,A
2205,香,季,曉,脂,去,合,3,A
2206,必,至,幫,脂,去,,3,A
2207,秦,醉,從,脂,去,合,3,
2208,徒,四,定,脂,去,開,3,
2209,虛,器,曉,脂,去,開,3,B
2210,羊,至,以,脂,去,開,3,A
2211,神,至,船,脂,去,開,3,
2212,疾,二,從,脂,去,開,3,
2213,直,類,澄,脂,去,合,3,
2214,尺,類,昌,脂,去,合,3,
2215,以,醉,以,脂,去,合,3,A
2216,追,萃,知,脂,去,合,3,
2217,充,自,昌,脂,去,開,3,
2218,矢,利,書,脂,去,開,3,
2219,楚,愧,初,脂,去,合,3,
2220,釋,類,書,脂,去,合,3,
2221,職,吏,章,之,去,開,3,
2222,直,吏,澄,之,去,開,3,
2223,祥,吏,邪,之,去,開,3,
2224,七,吏,清,之,去,開,3,
2225,相,吏,心,之,去,開,3,
2226,式,吏,書,之,去,開,3,
2227,側,吏,莊,之,去,開,3,
2228,力,置,來,之,去,開,3,
2229,疾,置,從,之,去,開,3,
2230,丑,吏,徹,之,去,開,3,
2231,仍,吏,日,之,去,開,3,
2232,疎,吏,生,之,去,開,3,
2233,初,吏,初,之,去,開,3,
2234,羊,吏,以,之,去,開,3,
2235,陟,吏,知,之,去,開,3,
2236,時,吏,常,之,去,開,3,
2237,鉏,吏,崇,之,去,開,3,
2238,渠,記,羣,之,去,開,3,
2239,昌,志,昌,之,去,開,3,
2240,於,記,影,之,去,開,3,
2241,居,吏,見,之,去,開,3,
2242,許,記,曉,之,去,開,3,
2243,魚,記,疑,之,去,開,3,
2244,去,吏,溪,之,去,開,3,
2245,無,沸,明,微,去,,3,
2246,居,胃,見,微,去,合,3,
2247,于,貴,云,微,去,合,3,
2248,魚,貴,疑,微,去,合,3,
2249,方,味,幫,微,去,,3,
2250,芳,未,滂,微,去,,3,
2251,丘,畏,溪,微,去,合,3,
2252,於,胃,影,微,去,合,3,
2253,許,貴,曉,微,去,合,3,
2254,扶,沸,並,微,去,,3,
2255,居,豙,見,微,去,開,3,
2256,魚,既,疑,微,去,開,3,
2257,去,既,溪,微,去,開,3,
2258,許,既,曉,微,去,開,3,
2259,其,既,羣,微,去,開,3,
2260,於,既,影,微,去,開,3,
2261,牛,倨,疑,魚,去,開,3,
2262,良,倨,來,魚,去,開,3,
2263,居,御,見,魚,去,開,3,
2264,七,慮,清,魚,去,開,3,
2265,丘,倨,溪,魚,去,開,3,
2266,常,恕,常,魚,去,開,3,
2267,商,署,書,魚,去,開,3,
2268,陟,慮,知,魚,去,開,3,
2269,章,恕,章,魚,去,開,3,
2270,所,去,生,魚,去,開,3,
2271,依,倨,影,魚,去,開,3,
2272,遟,倨,澄,魚,去,開,3,
2273,其,據,羣,魚,去,開,3,
2274,息,據,心,魚,去,開,3,
2275,牀,據,崇,魚,去,開,3,
2276,將,預,精,魚,去,開,3,
2277,莊,助,莊,魚,去,開,3,
2278,人,恕,日,魚,去,開,3,
2279,羊,洳,以,魚,去,開,3,
2280,許,御,曉,魚,去,開,3,
2281,尼,據,孃,魚,去,開,3,
2282,瘡,據,初,魚,去,開,3,
2283,昌,據,昌,魚,去,開,3,
2284,抽,據,徹,魚,去,開,3,
2285,徐,預,邪,魚,去,開,3,
2286,牛,具,疑,虞,去,合,3,
2287,衣,遇,影,虞,去,合,3,
2288,常,句,常,虞,去,合,3,
2289,持,遇,澄,虞,去,合,3,
2290,符,遇,並,虞,去,,3,
2291,之,戍,章,虞,去,合,3,
2292,九,遇,見,虞,去,合,3,
2293,香,句,曉,虞,去,合,3,
2294,傷,遇,書,虞,去,合,3,
2295,羊,戍,以,虞,去,合,3,
2296,而,遇,日,虞,去,合,3,
2297,芳,遇,滂,虞,去,,3,
2298,亡,遇,明,虞,去,,3,
2299,子,句,精,虞,去,合,3,
2300,其,遇,羣,虞,去,合,3,
2301,王,遇,云,虞,去,合,3,
2302,才,句,從,虞,去,合,3,
2303,色,句,生,虞,去,合,3,
2304,方,遇,幫,虞,去,,3,
2305,七,句,清,虞,去,合,3,
2306,中,句,知,虞,去,合,3,
2307,區,遇,溪,虞,去,合,3,
2308,芻,注,初,虞,去,合,3,
2309,丑,注,徹,虞,去,合,3,
2310,思,句,心,虞,去,合,3,
2311,良,遇,來,虞,去,合,3,
2312,莫,故,明,模,去,,1,
2313,徒,故,定,模,去,,1,
2314,洛,故,來,模,去,,1,
2315,當,故,端,模,去,,1,
2316,湯,故,透,模,去,,1,
2317,古,暮,見,模,去,,1,
2318,五,故,疑,模,去,,1,
2319,胡,誤,匣,模,去,,1,
2320,桑,故,心,模,去,,1,
2321,昨,誤,從,模,去,,1,
2322,乃,故,泥,模,去,,1,
2323,博,故,幫,模,去,,1,
2324,烏,路,影,模,去,,1,
2325,普,故,滂,模,去,,1,
2326,倉,故,清,模,去,,1,
2327,苦,故,溪,模,去,,1,
2328,薄,故,並,模,去,,1,
2329,荒,故,曉,模,去,,1,
2330,臧,祚,精,模,去,,1,
2331,子,計,精,齊,去,開,4,
2332,都,計,端,齊,去,開,4,
2333,在,詣,從,齊,去,開,4,
2334,他,計,透,齊,去,開,4,
2335,特,計,定,齊,去,開,4,
2336,七,計,清,齊,去,開,4,
2337,蘇,計,心,齊,去,開,4,
2338,五,計,疑,齊,去,開,4,
2339,古,詣,見,齊,去,開,4,
2340,胡,計,匣,齊,去,開,4,
2341,苦,計,溪,齊,去,開,4,
2342,於,計,影,齊,去,開,4,
2343,莫,計,明,齊,去,,4,
2344,博,計,幫,齊,去,,4,
2345,胡,桂,匣,齊,去,合,4,
2346,古,惠,見,齊,去,合,4,
2347,呼,惠,曉,齊,去,合,4,
2348,匹,詣,滂,齊,去,,4,
2349,蒲,計,並,齊,去,,4,
2350,郎,計,來,齊,去,開,4,
2351,奴,計,泥,齊,去,開,4,
2352,呼,計,曉,齊,去,開,4,
2353,子,例,精,祭,去,開,3,
2354,相,銳,心,祭,去,合,3,
2355,于,歲,云,祭,去,合,3,B
2356,而,銳,日,祭,去,合,3,
2357,之,芮,章,祭,去,合,3,
2358,山,芮,生,祭,去,合,3,
2359,此,芮,清,祭,去,合,3,
2360,以,芮,以,祭,去,合,3,A
2361,陟,衛,知,祭,去,合,3,
2362,舒,芮,書,祭,去,合,3,
2363,毗,祭,並,祭,去,,3,A
2364,楚,稅,初,祭,去,合,3,
2365,祥,歲,邪,祭,去,合,3,
2366,必,袂,幫,祭,去,,3,A
2367,居,衛,見,祭,去,合,3,B
2368,彌,弊,明,祭,去,,3,A
2369,所,例,生,祭,去,開,3,
2370,尺,制,昌,祭,去,開,3,
2371,征,例,章,祭,去,開,3,
2372,時,制,常,祭,去,開,3,
2373,餘,制,以,祭,去,開,3,A
2374,於,罽,影,祭,去,開,3,B
2375,魚,祭,疑,祭,去,開,3,A
2376,直,例,澄,祭,去,開,3,
2377,力,制,來,祭,去,開,3,
2378,去,例,溪,祭,去,開,3,B
2379,舒,制,書,祭,去,開,3,
2380,居,例,見,祭,去,開,3,B
2381,竹,例,知,祭,去,開,3,
2382,其,憩,羣,祭,去,開,3,B
2383,嘗,芮,常,祭,去,合,3,
2384,丑,例,徹,祭,去,開,3,
2385,除,芮,澄,祭,去,合,3,
2386,牛,例,疑,祭,去,開,3,B
2387,子,芮,精,祭,去,合,3,
2388,匹,蔽,滂,祭,去,,3,A
2389,丘,吠,溪,廢,去,合,3,
2390,呼,吠,曉,廢,去,合,3,
2391,他,蓋,透,泰,去,開,1,
2392,古,太,見,泰,去,開,1,
2393,五,蓋,疑,泰,去,開,1,
2394,於,蓋,影,泰,去,開,1,
2395,奴,帶,泥,泰,去,開,1,
2396,徒,蓋,定,泰,去,開,1,
2397,胡,蓋,匣,泰,去,開,1,
2398,當,蓋,端,泰,去,開,1,
2399,博,蓋,幫,泰,去,,1,
2400,普,蓋,滂,泰,去,,1,
2401,黃,外,匣,泰,去,合,1,
2402,杜,外,定,泰,去,合,1,
2403,古,外,見,泰,去,合,1,
2404,祖,外,精,泰,去,合,1,
2405,呼,會,曉,泰,去,合,1,
2406,苦,會,溪,泰,去,合,1,
2407,郎,外,來,泰,去,合,1,
2408,五,會,疑,泰,去,合,1,
2409,丁,外,端,泰,去,合,1,
2410,烏,外,影,泰,去,合,1,
2411,才,外,從,泰,去,合,1,
2412,先,外,心,泰,去,合,1,
2413,麤,最,清,泰,去,合,1,
2414,蒲,蓋,並,泰,去,,1,
2415,苦,蓋,溪,泰,去,開,1,
2416,倉,大,清,泰,去,開,1,
2417,落,蓋,來,泰,去,開,1,
2418,呼,艾,曉,泰,去,開,1,
2419,他,外,透,泰,去,合,1,
2420,莫,貝,明,泰,去,,1,
2421,古,賣,見,佳,去,合,2,
2422,古,隘,見,佳,去,開,2,
2423,烏,懈,影,佳,去,開,2,
2424,胡,懈,匣,佳,去,開,2,
2425,莫,懈,明,佳,去,,2,
2426,胡,卦,匣,佳,去,合,2,
2427,楚,懈,初,佳,去,開,2,
2428,五,懈,疑,佳,去,開,2,
2429,火,懈,曉,佳,去,開,2,
2430,方,卦,幫,佳,去,,2,
2431,傍,卦,並,佳,去,,2,
2432,士,懈,崇,佳,去,開,2,
2433,匹,卦,滂,佳,去,,2,
2434,側,賣,莊,佳,去,開,2,
2435,苦,賣,溪,佳,去,開,2,
2436,所,賣,生,佳,去,開,2,
2437,呼,卦,曉,佳,去,合,2,
2438,竹,賣,知,佳,去,開,2,
2439,古,壞,見,皆,去,合,2,
2440,烏,界,影,皆,去,開,2,
2441,側,界,莊,皆,去,開,2,
2442,古,拜,見,皆,去,開,2,
2443,女,介,孃,皆,去,開,2,
2444,許,介,曉,皆,去,開,2,
2445,胡,介,匣,皆,去,開,2,
2446,五,介,疑,皆,去,開,2,
2447,苦,怪,溪,皆,去,合,2,
2448,博,怪,幫,皆,去,,2,
2449,普,拜,滂,皆,去,,2,
2450,胡,怪,匣,皆,去,合,2,
2451,五,怪,疑,皆,去,合,2,
2452,蒲,拜,並,皆,去,,2,
2453,莫,拜,明,皆,去,,2,
2454,火,怪,曉,皆,去,合,2,
2455,所,拜,生,皆,去,開,2,
2456,苦,戒,溪,皆,去,開,2,
2457,迍,怪,知,皆,去,合,2,
2458,古,邁,見,夬,去,合,2,
2459,苦,夬,溪,夬,去,合,2,
2460,莫,話,明,夬,去,,2,
2461,下,快,匣,夬,去,合,2,
2462,薄,邁,並,夬,去,,2,
2463,烏,快,影,夬,去,合,2,
2464,楚,夬,初,夬,去,合,2,
2465,古,喝,見,夬,去,開,2,
2466,丑,犗,徹,夬,去,開,2,
2467,於,犗,影,夬,去,開,2,
2468,所,犗,生,夬,去,開,2,
2469,除,邁,澄,夬,去,開,2,
2470,火,犗,曉,夬,去,開,2,
2471,火,夬,曉,夬,去,合,2,
2472,補,邁,幫,夬,去,,2,
2473,豺,夬,崇,夬,去,開,2,
2474,何,犗,匣,夬,去,開,2,
2475,徒,對,定,灰,去,合,1,
2476,蒲,昧,並,灰,去,,1,
2477,莫,佩,明,灰,去,,1,
2478,滂,佩,滂,灰,去,,1,
2479,荒,內,曉,灰,去,合,1,
2480,都,隊,端,灰,去,合,1,
2481,七,內,清,灰,去,合,1,
2482,子,對,精,灰,去,合,1,
2483,烏,繢,影,灰,去,合,1,
2484,他,內,透,灰,去,合,1,
2485,古,對,見,灰,去,合,1,
2486,胡,對,匣,灰,去,合,1,
2487,苦,對,溪,灰,去,合,1,
2488,蘇,內,心,灰,去,合,1,
2489,奴,對,泥,灰,去,合,1,
2490,盧,對,來,灰,去,合,1,
2491,補,妹,幫,灰,去,,1,
2492,五,對,疑,灰,去,合,1,
2493,徒,耐,定,咍,去,開,1,
2494,作,代,精,咍,去,開,1,
2495,先,代,心,咍,去,開,1,
2496,他,代,透,咍,去,開,1,
2497,古,代,見,咍,去,開,1,
2498,苦,愛,溪,咍,去,開,1,
2499,五,溉,疑,咍,去,開,1,
2500,烏,代,影,咍,去,開,1,
2501,胡,概,匣,咍,去,開,1,
2502,奴,代,泥,咍,去,開,1,
2503,都,代,端,咍,去,開,1,
2504,洛,代,來,咍,去,開,1,
2505,倉,代,清,咍,去,開,1,
2506,昨,代,從,咍,去,開,1,
2507,海,愛,曉,咍,去,開,1,
2508,方,肺,幫,廢,去,,3,
2509,芳,廢,滂,廢,去,,3,
2510,於,廢,影,廢,去,合,3,
2511,符,廢,並,廢,去,,3,
2512,渠,穢,羣,廢,去,合,3,
2513,魚,肺,疑,廢,去,開,3,
2514,章,刃,章,眞,去,開,3,
2515,息,晉,心,眞,去,開,3,
2516,而,振,日,眞,去,開,3,
2517,羊,晉,以,眞,去,開,3,A
2518,良,刃,來,眞,去,開,3,
2519,必,刃,幫,眞,去,,3,A
2520,直,刃,澄,眞,去,開,3,
2521,時,刃,常,眞,去,開,3,
2522,試,刃,書,眞,去,開,3,
2523,去,刃,溪,眞,去,開,3,A
2524,徐,刃,邪,眞,去,開,3,
2525,魚,覲,疑,眞,去,開,3,B
2526,即,刃,精,眞,去,開,3,
2527,許,覲,曉,眞,去,開,3,B
2528,陟,刃,知,眞,去,開,3,
2529,渠,遴,羣,眞,去,開,3,B
2530,初,覲,初,眞,去,開,3,
2531,於,刃,影,眞,去,開,3,A
2532,丑,刃,徹,眞,去,開,3,
2533,匹,刃,滂,眞,去,,3,A
2534,七,遴,清,眞,去,開,3,
2535,九,峻,見,眞,去,合,3,A
2536,之,閏,章,眞,去,合,3,
2537,私,閏,心,眞,去,合,3,
2538,辭,閏,邪,眞,去,合,3,
2539,子,峻,精,眞,去,合,3,
2540,舒,閏,書,眞,去,合,3,
2541,如,順,日,眞,去,合,3,
2542,食,閏,船,眞,去,合,3,
2543,亡,運,明,文,去,,3,
2544,王,問,云,文,去,合,3,
2545,許,運,曉,文,去,合,3,
2546,匹,問,滂,文,去,,3,
2547,方,問,幫,文,去,,3,
2548,於,問,影,文,去,合,3,
2549,居,運,見,文,去,合,3,
2550,渠,運,羣,文,去,合,3,
2551,扶,問,並,文,去,,3,
2552,香,靳,曉,欣,去,開,3,
2553,居,焮,見,欣,去,開,3,
2554,巨,靳,羣,欣,去,開,3,
2555,於,靳,影,欣,去,開,3,
2556,吾,靳,疑,欣,去,開,3,
2557,魚,怨,疑,元,去,合,3,
2558,於,願,影,元,去,合,3,
2559,方,願,幫,元,去,,3,
2560,去,願,溪,元,去,合,3,
2561,無,販,明,元,去,,3,
2562,符,万,並,元,去,,3,
2563,芳,万,滂,元,去,,3,
2564,居,万,見,元,去,開,3,
2565,於,建,影,元,去,開,3,
2566,許,建,曉,元,去,開,3,
2567,虛,願,曉,元,去,合,3,
2568,渠,建,羣,元,去,開,3,
2569,叉,万,初,元,去,合,3,
2570,于,願,云,元,去,合,3,
2571,語,堰,疑,元,去,開,3,
2572,臼,万,羣,元,去,合,3,
2573,居,願,見,元,去,合,3,
2574,胡,困,匣,魂,去,合,1,
2575,都,困,端,魂,去,合,1,
2576,蘇,困,心,魂,去,合,1,
2577,苦,悶,溪,魂,去,合,1,
2578,奴,困,泥,魂,去,合,1,
2579,烏,困,影,魂,去,合,1,
2580,莫,困,明,魂,去,,1,
2581,徂,悶,從,魂,去,合,1,
2582,古,困,見,魂,去,合,1,
2583,普,悶,滂,魂,去,,1,
2584,徒,困,定,魂,去,合,1,
2585,倉,困,清,魂,去,合,1,
2586,蒲,悶,並,魂,去,,1,
2587,五,困,疑,魂,去,合,1,
2588,盧,困,來,魂,去,合,1,
2589,甫,悶,幫,魂,去,,1,
2590,呼,悶,曉,魂,去,合,1,
2591,子,寸,精,魂,去,合,1,
2592,胡,艮,匣,痕,去,開,1,
2593,古,恨,見,痕,去,開,1,
2594,五,恨,疑,痕,去,開,1,
2595,烏,恨,影,痕,去,開,1,
2596,侯,旰,匣,寒,去,開,1,
2597,他,旦,透,寒,去,開,1,
2598,烏,旰,影,寒,去,開,1,
2599,得,按,端,寒,去,開,1,
2600,徒,案,定,寒,去,開,1,
2601,古,案,見,寒,去,開,1,
2602,五,旰,疑,寒,去,開,1,
2603,苦,旰,溪,寒,去,開,1,
2604,呼,旰,曉,寒,去,開,1,
2605,郎,旰,來,寒,去,開,1,
2606,奴,案,泥,寒,去,開,1,
2607,蒼,案,清,寒,去,開,1,
2608,蘇,旰,心,寒,去,開,1,
2609,則,旰,精,寒,去,開,1,
2610,徂,贊,從,寒,去,開,1,
2611,胡,玩,匣,寒,去,合,1,
2612,子,筭,精,寒,去,合,1,
2613,烏,貫,影,寒,去,合,1,
2614,古,玩,見,寒,去,合,1,
2615,七,亂,清,寒,去,合,1,
2616,五,換,疑,寒,去,合,1,
2617,徒,玩,定,寒,去,合,1,
2618,郎,段,來,寒,去,合,1,
2619,丁,貫,端,寒,去,合,1,
2620,通,貫,透,寒,去,合,1,
2621,火,貫,曉,寒,去,合,1,
2622,蘇,貫,心,寒,去,合,1,
2623,莫,半,明,寒,去,,1,
2624,博,漫,幫,寒,去,,1,
2625,普,半,滂,寒,去,,1,
2626,薄,半,並,寒,去,,1,
2627,奴,亂,泥,寒,去,合,1,
2628,在,玩,從,寒,去,合,1,
2629,口,喚,溪,寒,去,合,1,
2630,古,晏,見,刪,去,開,2,
2631,五,晏,疑,刪,去,開,2,
2632,烏,澗,影,刪,去,開,2,
2633,所,晏,生,刪,去,開,2,
2634,下,晏,匣,刪,去,開,2,
2635,謨,晏,明,刪,去,,2,
2636,烏,患,影,刪,去,合,2,
2637,胡,慣,匣,刪,去,合,2,
2638,古,患,見,刪,去,合,2,
2639,生,患,生,刪,去,合,2,
2640,初,患,初,刪,去,合,2,
2641,五,患,疑,刪,去,合,2,
2642,士,諫,崇,刪,去,開,2,
2643,普,患,滂,刪,去,,2,
2644,女,患,孃,刪,去,合,2,
2645,初,鴈,初,刪,去,開,2,
2646,丑,晏,徹,刪,去,開,2,
2647,古,莧,見,山,去,開,2,
2648,侯,襇,匣,山,去,開,2,
2649,蒲,莧,並,山,去,,2,
2650,匹,莧,滂,山,去,,2,
2651,胡,辨,匣,山,去,合,2,
2652,亡,莧,明,山,去,,2,
2653,丈,莧,澄,山,去,開,2,
2654,晡,幻,幫,山,去,,2,
2655,古,幻,見,山,去,合,2,
2656,蘇,佃,心,先,去,開,4,
2657,倉,甸,清,先,去,開,4,
2658,許,縣,曉,先,去,合,4,
2659,黃,練,匣,先,去,合,4,
2660,古,縣,見,先,去,合,4,
2661,堂,練,定,先,去,開,4,
2662,他,甸,透,先,去,開,4,
2663,郎,甸,來,先,去,開,4,
2664,古,電,見,先,去,開,4,
2665,奴,甸,泥,先,去,開,4,
2666,苦,甸,溪,先,去,開,4,
2667,胡,甸,匣,先,去,開,4,
2668,吾,甸,疑,先,去,開,4,
2669,於,甸,影,先,去,開,4,
2670,作,甸,精,先,去,開,4,
2671,莫,甸,明,先,去,,4,
2672,普,麵,滂,先,去,,4,
2673,在,甸,從,先,去,開,4,
2674,烏,縣,影,先,去,合,4,
2675,都,甸,端,先,去,開,4,
2676,呼,甸,曉,先,去,開,4,
2677,私,箭,心,仙,去,開,3,
2678,之,膳,章,仙,去,開,3,
2679,時,戰,常,仙,去,開,3,
2680,魚,變,疑,仙,去,開,3,B
2681,去,戰,溪,仙,去,開,3,A
2682,吉,掾,見,仙,去,合,3,A
2683,王,眷,云,仙,去,合,3,B
2684,彌,箭,明,仙,去,,3,A
2685,尺,絹,昌,仙,去,合,3,
2686,以,絹,以,仙,去,合,3,A
2687,陟,扇,知,仙,去,開,3,
2688,人,絹,日,仙,去,合,3,
2689,子,賤,精,仙,去,開,3,
2690,昌,戰,昌,仙,去,開,3,
2691,式,戰,書,仙,去,開,3,
2692,於,扇,影,仙,去,開,3,A
2693,居,倦,見,仙,去,合,3,B
2694,渠,卷,羣,仙,去,合,3,B
2695,力,卷,來,仙,去,合,3,
2696,丑,戀,徹,仙,去,合,3,
2697,彼,眷,幫,仙,去,,3,B
2698,所,眷,生,仙,去,合,3,
2699,七,絹,清,仙,去,合,3,
2700,皮,變,並,仙,去,,3,B
2701,辝,戀,邪,仙,去,合,3,
2702,息,絹,心,仙,去,合,3,
2703,士,戀,崇,仙,去,合,3,
2704,莊,眷,莊,仙,去,合,3,
2705,直,戀,澄,仙,去,合,3,
2706,才,線,從,仙,去,開,3,
2707,似,面,邪,仙,去,開,3,
2708,匹,戰,滂,仙,去,,3,A
2709,時,釧,常,仙,去,合,3,
2710,女,箭,孃,仙,去,開,3,
2711,知,戀,知,仙,去,合,3,
2712,予,線,以,仙,去,開,3,A
2713,婢,面,並,仙,去,,3,A
2714,持,碾,澄,仙,去,開,3,
2715,連,彥,來,仙,去,開,3,
2716,區,倦,溪,仙,去,合,3,B
2717,之,囀,章,仙,去,合,3,
2718,方,見,幫,先,去,,4,
2719,蘇,弔,心,蕭,去,開,4,
2720,他,弔,透,蕭,去,開,4,
2721,多,嘯,端,蕭,去,開,4,
2722,古,弔,見,蕭,去,開,4,
2723,奴,弔,泥,蕭,去,開,4,
2724,徒,弔,定,蕭,去,開,4,
2725,苦,弔,溪,蕭,去,開,4,
2726,力,弔,來,蕭,去,開,4,
2727,五,弔,疑,蕭,去,開,4,
2728,烏,叫,影,蕭,去,開,4,
2729,火,弔,曉,蕭,去,開,4,
2730,私,妙,心,宵,去,開,3,
2731,之,少,章,宵,去,開,3,
2732,弋,照,以,宵,去,開,3,A
2733,於,笑,影,宵,去,開,3,A
2734,直,照,澄,宵,去,開,3,
2735,寔,照,常,宵,去,開,3,
2736,渠,廟,羣,宵,去,開,3,B
2737,匹,妙,滂,宵,去,,3,A
2738,才,笑,從,宵,去,開,3,
2739,彌,笑,明,宵,去,,3,A
2740,七,肖,清,宵,去,開,3,
2741,力,照,來,宵,去,開,3,
2742,丘,召,溪,宵,去,開,3,B
2743,牛,召,疑,宵,去,開,3,B
2744,子,肖,精,宵,去,開,3,
2745,眉,召,明,宵,去,,3,B
2746,毗,召,並,宵,去,,3,A
2747,失,照,書,宵,去,開,3,
2748,丑,召,徹,宵,去,開,3,
2749,方,廟,幫,宵,去,,3,B
2750,巨,要,羣,宵,去,開,3,A
2751,人,要,日,宵,去,開,3,
2752,胡,教,匣,肴,去,開,2,
2753,古,孝,見,肴,去,開,2,
2754,呼,教,曉,肴,去,開,2,
2755,都,教,知,肴,去,開,2,
2756,北,教,幫,肴,去,,2,
2757,苦,教,溪,肴,去,開,2,
2758,莫,教,明,肴,去,,2,
2759,匹,皃,滂,肴,去,,2,
2760,丑,教,徹,肴,去,開,2,
2761,所,教,生,肴,去,開,2,
2762,直,教,澄,肴,去,開,2,
2763,奴,教,孃,肴,去,開,2,
2764,側,教,莊,肴,去,開,2,
2765,防,教,並,肴,去,,2,
2766,初,教,初,肴,去,開,2,
2767,於,教,影,肴,去,開,2,
2768,五,教,疑,肴,去,開,2,
2769,士,稍,崇,肴,去,開,2,
2770,胡,到,匣,豪,去,開,1,
2771,徒,到,定,豪,去,開,1,
2772,都,導,端,豪,去,開,1,
2773,古,到,見,豪,去,開,1,
2774,五,到,疑,豪,去,開,1,
2775,莫,報,明,豪,去,,1,
2776,郎,到,來,豪,去,開,1,
2777,七,到,清,豪,去,開,1,
2778,薄,報,並,豪,去,,1,
2779,博,秏,幫,豪,去,,1,
2780,在,到,從,豪,去,開,1,
2781,烏,到,影,豪,去,開,1,
2782,蘇,到,心,豪,去,開,1,
2783,苦,到,溪,豪,去,開,1,
2784,則,到,精,豪,去,開,1,
2785,呼,到,曉,豪,去,開,1,
2786,那,到,泥,豪,去,開,1,
2787,古,賀,見,歌,去,開,1,
2788,胡,箇,匣,歌,去,開,1,
2789,則,箇,精,歌,去,開,1,
2790,丁,佐,端,歌,去,開,1,
2791,郎,佐,來,歌,去,開,1,
2792,口,箇,溪,歌,去,開,1,
2793,五,个,疑,歌,去,開,1,
2794,唐,佐,定,歌,去,開,1,
2795,奴,箇,泥,歌,去,開,1,
2796,蘇,箇,心,歌,去,開,1,
2797,呼,箇,曉,歌,去,開,1,
2798,吐,邏,透,歌,去,開,1,
2799,古,臥,見,歌,去,合,1,
2800,胡,臥,匣,歌,去,合,1,
2801,則,臥,精,歌,去,合,1,
2802,苦,臥,溪,歌,去,合,1,
2803,湯,臥,透,歌,去,合,1,
2804,補,過,幫,歌,去,,1,
2805,麤,臥,清,歌,去,合,1,
2806,摸,臥,明,歌,去,,1,
2807,乃,臥,泥,歌,去,合,1,
2808,普,過,滂,歌,去,,1,
2809,徂,臥,從,歌,去,合,1,
2810,吾,貨,疑,歌,去,合,1,
2811,千,過,清,歌,去,開,1,
2812,呼,臥,曉,歌,去,合,1,
2813,徒,臥,定,歌,去,合,1,
2814,符,臥,並,歌,去,,1,
2815,魯,過,來,歌,去,合,1,
2816,都,唾,端,歌,去,合,1,
2817,先,臥,心,歌,去,合,1,
2818,安,賀,影,歌,去,開,1,
2819,烏,臥,影,歌,去,合,1,
2820,莫,駕,明,麻,去,,2,
2821,古,訝,見,麻,去,開,2,
2822,衣,嫁,影,麻,去,開,2,
2823,呼,訝,曉,麻,去,開,2,
2824,吾,駕,疑,麻,去,開,2,
2825,丑,亞,徹,麻,去,開,2,
2826,陟,駕,知,麻,去,開,2,
2827,側,駕,莊,麻,去,開,2,
2828,鋤,駕,崇,麻,去,開,2,
2829,辝,夜,邪,麻,去,開,3,
2830,枯,駕,溪,麻,去,開,2,
2831,胡,駕,匣,麻,去,開,2,
2832,慈,夜,從,麻,去,開,3,
2833,羊,謝,以,麻,去,開,3,
2834,充,夜,昌,麻,去,開,3,
2835,司,夜,心,麻,去,開,3,
2836,之,夜,章,麻,去,開,3,
2837,子,夜,精,麻,去,開,3,
2838,始,夜,書,麻,去,開,3,
2839,神,夜,船,麻,去,開,3,
2840,必,駕,幫,麻,去,,2,
2841,普,駕,滂,麻,去,,2,
2842,胡,化,匣,麻,去,合,2,
2843,呼,霸,曉,麻,去,合,2,
2844,苦,化,溪,麻,去,合,2,
2845,所,化,生,麻,去,合,2,
2846,白,駕,並,麻,去,,2,
2847,乃,亞,孃,麻,去,開,2,
2848,遷,謝,清,麻,去,開,3,
2849,所,嫁,生,麻,去,開,2,
2850,古,罵,見,麻,去,合,2,
2851,除,駕,澄,麻,去,開,2,
2852,五,化,疑,麻,去,合,2,
2853,烏,㕦,影,麻,去,合,2,
2854,餘,亮,以,陽,去,開,3,
2855,力,讓,來,陽,去,開,3,
2856,鋤,亮,崇,陽,去,開,3,
2857,人,㨾,日,陽,去,開,3,
2858,式,亮,書,陽,去,開,3,
2859,知,亮,知,陽,去,開,3,
2860,丑,亮,徹,陽,去,開,3,
2861,許,亮,曉,陽,去,開,3,
2862,直,亮,澄,陽,去,開,3,
2863,女,亮,孃,陽,去,開,3,
2864,疾,亮,從,陽,去,開,3,
2865,之,亮,章,陽,去,開,3,
2866,時,亮,常,陽,去,開,3,
2867,側,亮,莊,陽,去,開,3,
2868,於,亮,影,陽,去,開,3,
2869,其,亮,羣,陽,去,開,3,
2870,尺,亮,昌,陽,去,開,3,
2871,初,亮,初,陽,去,開,3,
2872,子,亮,精,陽,去,開,3,
2873,魚,向,疑,陽,去,開,3,
2874,敷,亮,滂,陽,去,,3,
2875,巫,放,明,陽,去,,3,
2876,許,訪,曉,陽,去,合,3,
2877,居,況,見,陽,去,合,3,
2878,于,放,云,陽,去,合,3,
2879,甫,妄,幫,陽,去,,3,
2880,息,亮,心,陽,去,開,3,
2881,居,亮,見,陽,去,開,3,
2882,丘,亮,溪,陽,去,開,3,
2883,七,亮,清,陽,去,開,3,
2884,渠,放,羣,陽,去,合,3,
2885,符,況,並,陽,去,,3,
2886,徒,浪,定,唐,去,開,1,
2887,來,宕,來,唐,去,開,1,
2888,下,浪,匣,唐,去,開,1,
2889,烏,浪,影,唐,去,開,1,
2890,五,浪,疑,唐,去,開,1,
2891,則,浪,精,唐,去,開,1,
2892,蒲,浪,並,唐,去,,1,
2893,徂,浪,從,唐,去,開,1,
2894,丁,浪,端,唐,去,開,1,
2895,苦,浪,溪,唐,去,開,1,
2896,補,曠,幫,唐,去,,1,
2897,他,浪,透,唐,去,開,1,
2898,苦,謗,溪,唐,去,合,1,
2899,奴,浪,泥,唐,去,開,1,
2900,蘇,浪,心,唐,去,開,1,
2901,乎,曠,匣,唐,去,合,1,
2902,古,曠,見,唐,去,合,1,
2903,古,浪,見,唐,去,開,1,
2904,呼,浪,曉,唐,去,合,1,
2905,莫,浪,明,唐,去,,1,
2906,烏,浪,影,唐,去,合,1,
2907,於,敬,影,庚,去,開,3,
2908,居,慶,見,庚,去,開,3,
2909,渠,敬,羣,庚,去,開,3,
2910,丘,敬,溪,庚,去,開,3,
2911,古,孟,見,庚,去,開,2,
2912,眉,病,明,庚,去,,3,
2913,皮,命,並,庚,去,,3,
2914,莫,更,明,庚,去,,2,
2915,戶,孟,匣,庚,去,合,2,
2916,陂,病,幫,庚,去,,3,
2917,爲,命,云,庚,去,合,3,
2918,下,更,匣,庚,去,開,2,
2919,於,孟,影,庚,去,開,2,
2920,楚,敬,初,庚,去,開,3,
2921,猪,孟,知,庚,去,開,2,
2922,他,孟,徹,庚,去,開,2,
2923,北,孟,幫,庚,去,,2,
2924,除,更,澄,庚,去,開,2,
2925,所,敬,生,庚,去,開,3,
2926,魚,敬,疑,庚,去,開,3,
2927,蒲,孟,並,庚,去,,2,
2928,許,更,曉,庚,去,開,2,
2929,烏,橫,影,庚,去,合,2,
2930,側,迸,莊,耕,去,開,2,
2931,北,諍,幫,耕,去,,2,
2932,蒲,迸,並,耕,去,,2,
2933,鷖,迸,影,耕,去,開,2,
2934,五,爭,疑,耕,去,開,2,
2935,呼,迸,曉,耕,去,合,2,
2936,居,正,見,清,去,開,3,A
2937,七,政,清,清,去,開,3,
2938,之,盛,章,清,去,開,3,
2939,式,正,書,清,去,開,3,
2940,直,正,澄,清,去,開,3,
2941,丑,鄭,徹,清,去,開,3,
2942,息,正,心,清,去,開,3,
2943,力,政,來,清,去,開,3,
2944,匹,正,滂,清,去,,3,A
2945,休,正,曉,清,去,合,3,A
2946,畀,政,幫,清,去,,3,A
2947,防,正,並,清,去,,3,A
2948,疾,政,從,清,去,開,3,
2949,承,正,常,清,去,開,3,
2950,彌,正,明,清,去,,3,A
2951,墟,正,溪,清,去,開,3,A
2952,許,令,曉,清,去,開,3,A
2953,子,姓,精,清,去,開,3,
2954,古,定,見,青,去,開,4,
2955,乃,定,泥,青,去,開,4,
2956,蘇,佞,心,青,去,開,4,
2957,胡,定,匣,青,去,開,4,
2958,徒,徑,定,青,去,開,4,
2959,丁,定,端,青,去,開,4,
2960,苦,定,溪,青,去,開,4,
2961,他,定,透,青,去,開,4,
2962,千,定,清,青,去,開,4,
2963,莫,定,明,青,去,,4,
2964,烏,定,影,青,去,開,4,
2965,郎,定,來,青,去,開,4,
2966,諸,應,章,蒸,去,開,3,
2967,以,證,以,蒸,去,開,3,
2968,實,證,船,蒸,去,開,3,
2969,而,證,日,蒸,去,開,3,
2970,於,證,影,蒸,去,開,3,
2971,子,孕,精,蒸,去,開,3,
2972,許,應,曉,蒸,去,開,3,
2973,詩,證,書,蒸,去,開,3,
2974,丈,證,澄,蒸,去,開,3,
2975,里,甑,來,蒸,去,開,3,
2976,皮,證,並,蒸,去,,3,
2977,昌,孕,昌,蒸,去,開,3,
2978,牛,𩜁,疑,蒸,去,開,3,
2979,常,證,常,蒸,去,開,3,
2980,丑,證,徹,蒸,去,開,3,
2981,其,𩜁,羣,蒸,去,開,3,
2982,都,鄧,端,登,去,開,1,
2983,昨,亙,從,登,去,開,1,
2984,古,鄧,見,登,去,開,1,
2985,千,鄧,清,登,去,開,1,
2986,徒,亙,定,登,去,開,1,
2987,武,亙,明,登,去,,1,
2988,方,隥,幫,登,去,,1,
2989,父,鄧,並,登,去,,1,
2990,魯,鄧,來,登,去,開,1,
2991,子,鄧,精,登,去,開,1,
2992,思,贈,心,登,去,開,1,
2993,台,鄧,透,登,去,開,1,
2994,于,救,云,尤,去,開,3,
2995,居,祐,見,尤,去,開,3,
2996,直,祐,澄,尤,去,開,3,
2997,陟,救,知,尤,去,開,3,
2998,舒,救,書,尤,去,開,3,
2999,尺,救,昌,尤,去,開,3,
3000,似,祐,邪,尤,去,開,3,
3001,許,救,曉,尤,去,開,3,
3002,職,救,章,尤,去,開,3,
3003,巨,救,羣,尤,去,開,3,
3004,所,祐,生,尤,去,開,3,
3005,側,救,莊,尤,去,開,3,
3006,敷,救,滂,尤,去,,3,
3007,初,救,初,尤,去,開,3,
3008,方,副,幫,尤,去,,3,
3009,丑,救,徹,尤,去,開,3,
3010,力,救,來,尤,去,開,3,
3011,息,救,心,尤,去,開,3,
3012,即,就,精,尤,去,開,3,
3013,鋤,祐,崇,尤,去,開,3,
3014,疾,僦,從,尤,去,開,3,
3015,女,救,孃,尤,去,開,3,
3016,扶,富,並,尤,去,,3,
3017,余,救,以,尤,去,開,3,
3018,承,呪,常,尤,去,開,3,
3019,人,又,日,尤,去,開,3,
3020,亡,救,明,尤,去,,3,
3021,牛,救,疑,尤,去,開,3,
3022,丘,救,溪,尤,去,開,3,
3023,七,溜,清,尤,去,開,3,
3024,胡,遘,匣,侯,去,開,1,
3025,苦,候,溪,侯,去,開,1,
3026,莫,候,明,侯,去,,1,
3027,匹,候,滂,侯,去,,1,
3028,徒,候,定,侯,去,開,1,
3029,都,豆,端,侯,去,開,1,
3030,奴,豆,泥,侯,去,開,1,
3031,蘇,奏,心,侯,去,開,1,
3032,則,候,精,侯,去,開,1,
3033,他,候,透,侯,去,開,1,
3034,烏,候,影,侯,去,開,1,
3035,古,候,見,侯,去,開,1,
3036,倉,奏,清,侯,去,開,1,
3037,盧,候,來,侯,去,開,1,
3038,呼,漏,曉,侯,去,開,1,
3039,蒲,候,並,侯,去,,1,
3040,五,遘,疑,侯,去,開,1,
3041,才,奏,從,侯,去,開,1,
3042,伊,謬,影,幽,去,開,3,
3043,靡,幼,明,幽,去,,3,
3044,丘,謬,溪,幽,去,開,3,
3045,巨,幼,羣,幽,去,開,3,
3046,七,鴆,清,侵,去,開,3,
3047,子,鴆,精,侵,去,開,3,
3048,汝,鴆,日,侵,去,開,3,
3049,直,禁,澄,侵,去,開,3,
3050,之,任,章,侵,去,開,3,
3051,巨,禁,羣,侵,去,開,3,B
3052,居,蔭,見,侵,去,開,3,B
3053,乃,禁,孃,侵,去,開,3,
3054,於,禁,影,侵,去,開,3,B
3055,所,禁,生,侵,去,開,3,
3056,丑,禁,徹,侵,去,開,3,
3057,莊,蔭,莊,侵,去,開,3,
3058,楚,譖,初,侵,去,開,3,
3059,宜,禁,疑,侵,去,開,3,B
3060,知,鴆,知,侵,去,開,3,
3061,良,鴆,來,侵,去,開,3,
3062,時,鴆,常,侵,去,開,3,
3063,于,禁,云,侵,去,開,3,B
3064,式,禁,書,侵,去,開,3,
3065,苦,紺,溪,覃,去,開,1,
3066,古,暗,見,覃,去,開,1,
3067,胡,紺,匣,覃,去,開,1,
3068,烏,紺,影,覃,去,開,1,
3069,他,紺,透,覃,去,開,1,
3070,蘇,紺,心,覃,去,開,1,
3071,七,紺,清,覃,去,開,1,
3072,徒,紺,定,覃,去,開,1,
3073,五,紺,疑,覃,去,開,1,
3074,丁,紺,端,覃,去,開,1,
3075,奴,紺,泥,覃,去,開,1,
3076,郎,紺,來,覃,去,開,1,
3077,呼,紺,曉,覃,去,開,1,
3078,作,紺,精,覃,去,開,1,
3079,苦,濫,溪,談,去,開,1,
3080,盧,𣊟,來,談,去,開,1,
3081,吐,濫,透,談,去,開,1,
3082,古,蹔,見,談,去,開,1,
3083,呼,濫,曉,談,去,開,1,
3084,下,瞰,匣,談,去,開,1,
3085,徒,濫,定,談,去,開,1,
3086,藏,濫,從,談,去,開,1,
3087,都,濫,端,談,去,開,1,
3088,蘇,暫,心,談,去,開,1,
3089,以,贍,以,鹽,去,開,3,A
3090,時,豔,常,鹽,去,開,3,
3091,而,豔,日,鹽,去,開,3,
3092,於,豔,影,鹽,去,開,3,A
3093,方,驗,幫,鹽,去,,3,B
3094,魚,窆,疑,鹽,去,開,3,B
3095,舒,贍,書,鹽,去,開,3,
3096,子,豔,精,鹽,去,開,3,
3097,七,豔,清,鹽,去,開,3,
3098,力,驗,來,鹽,去,開,3,
3099,丑,豔,徹,鹽,去,開,3,
3100,昌,豔,昌,鹽,去,開,3,
3101,於,驗,影,鹽,去,開,3,B
3102,慈,豔,從,鹽,去,開,3,
3103,章,豔,章,鹽,去,開,3,
3104,他,念,透,添,去,開,4,
3105,奴,店,泥,添,去,開,4,
3106,都,念,端,添,去,開,4,
3107,先,念,心,添,去,開,4,
3108,徒,念,定,添,去,開,4,
3109,紀,念,見,添,去,開,4,
3110,於,念,影,添,去,開,4,
3111,子,念,精,添,去,開,4,
3112,漸,念,從,添,去,開,4,
3113,苦,念,溪,添,去,開,4,
3114,力,店,來,添,去,開,4,
3115,魚,欠,疑,嚴,去,開,3,
3116,許,欠,曉,嚴,去,開,3,
3117,丘,釅,溪,嚴,去,開,3,
3118,亡,劒,明,凡,去,,3,
3119,戶,韽,匣,咸,去,開,2,
3120,於,陷,影,咸,去,開,2,
3121,莊,陷,莊,咸,去,開,2,
3122,陟,陷,知,咸,去,開,2,
3123,口,陷,溪,咸,去,開,2,
3124,佇,陷,澄,咸,去,開,2,
3125,仕,陷,崇,咸,去,開,2,
3126,公,陷,見,咸,去,開,2,
3127,尼,𧸖,孃,咸,去,開,2,
3128,玉,陷,疑,咸,去,開,2,
3129,格,懺,見,銜,去,開,2,
3130,楚,鑒,初,銜,去,開,2,
3131,子,鑑,莊,銜,去,開,2,
3132,所,鑑,生,銜,去,開,2,
3133,許,鑑,曉,銜,去,開,2,
3134,蒲,鑑,並,銜,去,,2,
3135,胡,懺,匣,銜,去,開,2,
3136,士,懺,崇,銜,去,開,2,
3137,,,影,銜,去,開,2,
3138,扶,泛,並,凡,去,,3,
3139,孚,梵,滂,凡,去,,3,
3140,居,欠,見,嚴,去,開,3,
3141,於,劒,影,嚴,去,開,3,
3142,烏,谷,影,東,入,開,1,
3143,徒,谷,定,東,入,開,1,
3144,古,祿,見,東,入,開,1,
3145,胡,谷,匣,東,入,開,1,
3146,空,谷,溪,東,入,開,1,
3147,他,谷,透,東,入,開,1,
3148,丁,木,端,東,入,開,1,
3149,桑,谷,心,東,入,開,1,
3150,盧,谷,來,東,入,開,1,
3151,呼,木,曉,東,入,開,1,
3152,昨,木,從,東,入,開,1,
3153,千,木,清,東,入,開,1,
3154,作,木,精,東,入,開,1,
3155,蒲,木,並,東,入,,1,
3156,普,木,滂,東,入,,1,
3157,博,木,幫,東,入,,1,
3158,莫,卜,明,東,入,,1,
3159,方,六,幫,東,入,,3,
3160,房,六,並,東,入,,3,
3161,所,六,生,東,入,開,3,
3162,力,竹,來,東,入,開,3,
3163,直,六,澄,東,入,開,3,
3164,居,六,見,東,入,開,3,
3165,驅,匊,溪,東,入,開,3,
3166,殊,六,常,東,入,開,3,
3167,昌,六,昌,東,入,開,3,
3168,余,六,以,東,入,開,3,
3169,渠,竹,羣,東,入,開,3,
3170,七,宿,清,東,入,開,3,
3171,如,六,日,東,入,開,3,
3172,之,六,章,東,入,開,3,
3173,式,竹,書,東,入,開,3,
3174,許,竹,曉,東,入,開,3,
3175,張,六,知,東,入,開,3,
3176,子,六,精,東,入,開,3,
3177,初,六,初,東,入,開,3,
3178,女,六,孃,東,入,開,3,
3179,側,六,莊,東,入,開,3,
3180,芳,福,滂,東,入,,3,
3181,於,六,影,東,入,開,3,
3182,息,逐,心,東,入,開,3,
3183,莫,六,明,東,入,,3,
3184,于,六,云,東,入,開,3,
3185,丑,六,徹,東,入,開,3,
3186,魚,菊,疑,東,入,開,3,
3187,才,六,從,東,入,開,3,
3188,烏,酷,影,冬,入,合,1,
3189,徒,沃,定,冬,入,合,1,
3190,冬,毒,端,冬,入,合,1,
3191,苦,沃,溪,冬,入,合,1,
3192,胡,沃,匣,冬,入,合,1,
3193,蒲,沃,並,冬,入,,1,
3194,先,篤,心,冬,入,合,1,
3195,古,沃,見,冬,入,合,1,
3196,莫,沃,明,冬,入,,1,
3197,火,酷,曉,冬,入,合,1,
3198,內,沃,泥,冬,入,合,1,
3199,將,毒,精,冬,入,合,1,
3200,博,沃,幫,冬,入,,1,
3201,盧,毒,來,冬,入,合,1,
3202,五,沃,疑,冬,入,合,1,
3203,之,欲,章,鍾,入,開,3,
3204,魚,欲,疑,鍾,入,開,3,
3205,許,玉,曉,鍾,入,開,3,
3206,居,玉,見,鍾,入,開,3,
3207,渠,玉,羣,鍾,入,開,3,
3208,市,玉,常,鍾,入,開,3,
3209,尺,玉,昌,鍾,入,開,3,
3210,而,蜀,日,鍾,入,開,3,
3211,書,玉,書,鍾,入,開,3,
3212,余,蜀,以,鍾,入,開,3,
3213,直,錄,澄,鍾,入,開,3,
3214,力,玉,來,鍾,入,開,3,
3215,丘,玉,溪,鍾,入,開,3,
3216,陟,玉,知,鍾,入,開,3,
3217,即,玉,精,鍾,入,開,3,
3218,神,蜀,船,鍾,入,開,3,
3219,房,玉,並,鍾,入,,3,
3220,七,玉,清,鍾,入,開,3,
3221,似,足,邪,鍾,入,開,3,
3222,相,玉,心,鍾,入,開,3,
3223,封,曲,幫,鍾,入,,3,
3224,丑,玉,徹,鍾,入,開,3,
3225,古,岳,見,江,入,開,2,
3226,五,角,疑,江,入,開,2,
3227,士,角,崇,江,入,開,2,
3228,側,角,莊,江,入,開,2,
3229,所,角,生,江,入,開,2,
3230,竹,角,知,江,入,開,2,
3231,北,角,幫,江,入,,2,
3232,莫,角,明,江,入,,2,
3233,蒲,角,並,江,入,,2,
3234,匹,角,滂,江,入,,2,
3235,苦,角,溪,江,入,開,2,
3236,直,角,澄,江,入,開,2,
3237,於,角,影,江,入,開,2,
3238,女,角,孃,江,入,開,2,
3239,敕,角,徹,江,入,開,2,
3240,呂,角,來,江,入,開,2,
3241,胡,覺,匣,江,入,開,2,
3242,許,角,曉,江,入,開,2,
3243,測,角,初,江,入,開,2,
3244,之,日,章,眞,入,開,3,
3245,人,質,日,眞,入,開,3,
3246,神,質,船,眞,入,開,3,
3247,直,一,澄,眞,入,開,3,
3248,息,七,心,眞,入,開,3,
3249,於,悉,影,眞,入,開,3,A
3250,親,吉,清,眞,入,開,3,
3251,譬,吉,滂,眞,入,,3,A
3252,居,質,見,眞,入,開,3,A
3253,尼,質,孃,眞,入,開,3,
3254,夷,質,以,眞,入,開,3,A
3255,去,吉,溪,眞,入,開,3,A
3256,許,吉,曉,眞,入,開,3,A
3257,丑,栗,徹,眞,入,開,3,
3258,力,質,來,眞,入,開,3,
3259,陟,栗,知,眞,入,開,3,
3260,秦,悉,從,眞,入,開,3,
3261,初,栗,初,眞,入,開,3,
3262,式,質,書,眞,入,開,3,
3263,資,悉,精,眞,入,開,3,
3264,彌,畢,明,眞,入,,3,A
3265,卑,吉,幫,眞,入,,3,A
3266,巨,乙,羣,眞,入,開,3,B
3267,毗,必,並,眞,入,,3,A
3268,于,筆,云,眞,入,合,3,B
3269,所,律,生,眞,入,合,3,
3270,昌,栗,昌,眞,入,開,3,
3271,仕,叱,崇,眞,入,開,3,
3272,美,筆,明,眞,入,,3,B
3273,房,密,並,眞,入,,3,B
3274,於,筆,影,眞,入,開,3,B
3275,魚,乙,疑,眞,入,開,3,B
3276,鄙,密,幫,眞,入,,3,B
3277,徵,筆,知,眞,入,合,3,
3278,羲,乙,曉,眞,入,開,3,B
3279,居,乙,見,眞,入,開,3,B
3280,況,必,曉,眞,入,合,3,A
3281,食,聿,船,眞,入,合,3,
3282,居,聿,見,眞,入,合,3,A
3283,慈,卹,從,眞,入,合,3,
3284,餘,律,以,眞,入,合,3,A
3285,子,聿,精,眞,入,合,3,
3286,辛,聿,心,眞,入,合,3,
3287,呂,卹,來,眞,入,合,3,
3288,丑,律,徹,眞,入,合,3,
3289,直,律,澄,眞,入,合,3,
3290,赤,律,昌,眞,入,合,3,
3291,倉,聿,清,眞,入,合,3,
3292,側,律,莊,眞,入,合,3,
3293,阻,瑟,莊,臻,入,開,3,
3294,所,櫛,生,臻,入,開,3,
3295,崱,瑟,崇,臻,入,開,3,
3296,文,弗,明,文,入,,3,
3297,分,勿,幫,文,入,,3,
3298,紆,物,影,文,入,合,3,
3299,九,勿,見,文,入,合,3,
3300,區,勿,溪,文,入,合,3,
3301,衢,物,羣,文,入,合,3,
3302,符,弗,並,文,入,,3,
3303,許,勿,曉,文,入,合,3,
3304,王,勿,云,文,入,合,3,
3305,敷,勿,滂,文,入,,3,
3306,魚,勿,疑,文,入,合,3,
3307,許,訖,曉,欣,入,開,3,
3308,居,乞,見,欣,入,開,3,
3309,魚,迄,疑,欣,入,開,3,
3310,其,迄,羣,欣,入,開,3,
3311,去,訖,溪,欣,入,開,3,
3312,魚,厥,疑,元,入,合,3,
3313,房,越,並,元,入,,3,
3314,王,伐,云,元,入,合,3,
3315,居,月,見,元,入,合,3,
3316,於,月,影,元,入,合,3,
3317,其,月,羣,元,入,合,3,
3318,去,月,溪,元,入,合,3,
3319,方,伐,幫,元,入,,3,
3320,望,發,明,元,入,,3,
3321,許,月,曉,元,入,合,3,
3322,於,歇,影,元,入,開,3,
3323,許,竭,曉,元,入,開,3,
3324,居,竭,見,元,入,開,3,
3325,其,謁,羣,元,入,開,3,
3326,拂,伐,滂,元,入,,3,
3327,語,訐,疑,元,入,開,3,
3328,莫,勃,明,魂,入,,1,
3329,土,骨,透,魂,入,合,1,
3330,古,忽,見,魂,入,合,1,
3331,蒲,沒,並,魂,入,,1,
3332,當,沒,端,魂,入,合,1,
3333,陀,骨,定,魂,入,合,1,
3334,烏,沒,影,魂,入,合,1,
3335,呼,骨,曉,魂,入,合,1,
3336,五,忽,疑,魂,入,合,1,
3337,普,沒,滂,魂,入,,1,
3338,勒,沒,來,魂,入,合,1,
3339,苦,骨,溪,魂,入,合,1,
3340,內,骨,泥,魂,入,合,1,
3341,蘇,骨,心,魂,入,合,1,
3342,倉,沒,清,魂,入,合,1,
3343,昨,沒,從,魂,入,合,1,
3344,下,沒,匣,痕,入,開,1,
3345,戶,骨,匣,魂,入,合,1,
3346,臧,沒,精,魂,入,合,1,
3347,胡,葛,匣,寒,入,開,1,
3348,許,葛,曉,寒,入,開,1,
3349,當,割,端,寒,入,開,1,
3350,他,達,透,寒,入,開,1,
3351,烏,葛,影,寒,入,開,1,
3352,盧,達,來,寒,入,開,1,
3353,苦,曷,溪,寒,入,開,1,
3354,唐,割,定,寒,入,開,1,
3355,才,割,從,寒,入,開,1,
3356,五,割,疑,寒,入,開,1,
3357,古,達,見,寒,入,開,1,
3358,桑,割,心,寒,入,開,1,
3359,七,曷,清,寒,入,開,1,
3360,奴,曷,泥,寒,入,開,1,
3361,予,割,以,寒,入,開,3,
3362,莫,撥,明,寒,入,,1,
3363,五,活,疑,寒,入,合,1,
3364,藏,活,從,寒,入,合,1,
3365,北,末,幫,寒,入,,1,
3366,姊,末,精,寒,入,開,1,
3367,古,活,見,寒,入,合,1,
3368,苦,栝,溪,寒,入,合,1,
3369,戶,括,匣,寒,入,合,1,
3370,徒,活,定,寒,入,合,1,
3371,呼,括,曉,寒,入,合,1,
3372,烏,括,影,寒,入,合,1,
3373,子,括,精,寒,入,合,1,
3374,普,活,滂,寒,入,,1,
3375,他,括,透,寒,入,合,1,
3376,郎,括,來,寒,入,合,1,
3377,丁,括,端,寒,入,合,1,
3378,倉,括,清,寒,入,合,1,
3379,蒲,撥,並,寒,入,,1,
3380,胡,八,匣,山,入,開,2,
3381,側,八,莊,山,入,開,2,
3382,蒲,八,並,山,入,,2,
3383,恪,八,溪,山,入,開,2,
3384,戶,八,匣,山,入,合,2,
3385,博,拔,幫,山,入,,2,
3386,丁,滑,知,山,入,合,2,
3387,烏,八,影,山,入,合,2,
3388,女,滑,孃,山,入,合,2,
3389,初,八,初,山,入,開,2,
3390,古,滑,見,山,入,合,2,
3391,古,黠,見,山,入,開,2,
3392,烏,黠,影,山,入,開,2,
3393,所,八,生,山,入,開,2,
3394,莫,八,明,山,入,,2,
3395,呼,八,曉,山,入,合,2,
3396,女,黠,孃,山,入,開,2,
3397,五,滑,疑,山,入,合,2,
3398,口,滑,溪,山,入,合,2,
3399,普,八,滂,山,入,,2,
3400,鄒,滑,莊,山,入,合,2,
3401,胡,瞎,匣,刪,入,開,2,
3402,乙,鎋,影,刪,入,開,2,
3403,五,鎋,疑,刪,入,開,2,
3404,初,鎋,初,刪,入,開,2,
3405,枯,鎋,溪,刪,入,開,2,
3406,許,鎋,曉,刪,入,開,2,
3407,他,鎋,徹,刪,入,開,2,
3408,古,䫄,見,刪,入,合,2,
3409,下,刮,匣,刪,入,合,2,
3410,丑,刮,徹,刪,入,合,2,
3411,丁,刮,知,刪,入,合,2,
3412,數,刮,生,刪,入,合,2,
3413,五,刮,疑,刪,入,合,2,
3414,初,刮,初,刪,入,合,2,
3415,莫,鎋,明,刪,入,,2,
3416,女,刮,孃,刪,入,合,2,
3417,百,鎋,幫,刪,入,,2,
3418,古,鎋,見,刪,入,開,2,
3419,查,鎋,崇,刪,入,開,2,
3420,陟,鎋,知,刪,入,開,2,
3421,而,轄,日,刪,入,開,3,
3422,先,結,心,先,入,開,4,
3423,千,結,清,先,入,開,4,
3424,古,屑,見,先,入,開,4,
3425,子,結,精,先,入,開,4,
3426,呼,決,曉,先,入,合,4,
3427,苦,穴,溪,先,入,合,4,
3428,古,穴,見,先,入,合,4,
3429,胡,決,匣,先,入,合,4,
3430,於,決,影,先,入,合,4,
3431,徒,結,定,先,入,開,4,
3432,他,結,透,先,入,開,4,
3433,胡,結,匣,先,入,開,4,
3434,奴,結,泥,先,入,開,4,
3435,昨,結,從,先,入,開,4,
3436,五,結,疑,先,入,開,4,
3437,莫,結,明,先,入,,4,
3438,方,結,幫,先,入,,4,
3439,烏,結,影,先,入,開,4,
3440,苦,結,溪,先,入,開,4,
3441,虎,結,曉,先,入,開,4,
3442,普,蔑,滂,先,入,,4,
3443,蒲,結,並,先,入,,4,
3444,丁,結,端,先,入,開,4,
3445,練,結,來,先,入,開,4,
3446,私,列,心,仙,入,開,3,
3447,良,辥,來,仙,入,開,3,
3448,陟,列,知,仙,入,開,3,
3449,渠,列,羣,仙,入,開,3,B
3450,如,列,日,仙,入,開,3,
3451,旨,熱,章,仙,入,開,3,
3452,食,列,船,仙,入,開,3,
3453,常,列,常,仙,入,開,3,
3454,魚,列,疑,仙,入,開,3,B
3455,亡,列,明,仙,入,,3,A
3456,丘,竭,溪,仙,入,開,3,B
3457,并,列,幫,仙,入,,3,A
3458,情,雪,從,仙,入,合,3,
3459,子,悅,精,仙,入,合,3,
3460,相,絕,心,仙,入,合,3,
3461,丑,悅,徹,仙,入,合,3,
3462,弋,雪,以,仙,入,合,3,A
3463,傾,雪,溪,仙,入,合,3,A
3464,乙,劣,影,仙,入,合,3,B
3465,如,劣,日,仙,入,合,3,
3466,失,爇,書,仙,入,合,3,
3467,職,悅,章,仙,入,合,3,
3468,昌,悅,昌,仙,入,合,3,
3469,陟,劣,知,仙,入,合,3,
3470,力,輟,來,仙,入,合,3,
3471,芳,滅,滂,仙,入,,3,A
3472,皮,列,並,仙,入,,3,B
3473,直,列,澄,仙,入,開,3,
3474,方,別,幫,仙,入,,3,B
3475,所,劣,生,仙,入,合,3,
3476,居,列,見,仙,入,開,3,A
3477,識,列,書,仙,入,開,3,
3478,女,劣,孃,仙,入,合,3,
3479,許,劣,曉,仙,入,合,3,A
3480,於,悅,影,仙,入,合,3,A
3481,紀,劣,見,仙,入,合,3,B
3482,側,劣,莊,仙,入,合,3,
3483,七,絕,清,仙,入,合,3,
3484,姊,列,精,仙,入,開,3,
3485,山,列,生,仙,入,開,3,
3486,於,列,影,仙,入,開,3,B
3487,丑,列,徹,仙,入,開,3,
3488,許,列,曉,仙,入,開,3,B
3489,殊,雪,常,仙,入,合,3,
3490,廁,別,初,仙,入,合,3,
3491,寺,絕,邪,仙,入,合,3,
3492,昌,列,昌,仙,入,開,3,
3493,羊,列,以,仙,入,開,3,A
3494,士,列,崇,仙,入,開,3,
3495,以,灼,以,陽,入,開,3,
3496,離,灼,來,陽,入,開,3,
3497,居,勺,見,陽,入,開,3,
3498,之,若,章,陽,入,開,3,
3499,書,藥,書,陽,入,開,3,
3500,而,灼,日,陽,入,開,3,
3501,昌,約,昌,陽,入,開,3,
3502,於,略,影,陽,入,開,3,
3503,去,約,溪,陽,入,開,3,
3504,魚,約,疑,陽,入,開,3,
3505,市,若,常,陽,入,開,3,
3506,丑,略,徹,陽,入,開,3,
3507,息,約,心,陽,入,開,3,
3508,側,略,莊,陽,入,開,3,
3509,即,略,精,陽,入,開,3,
3510,在,爵,從,陽,入,開,3,
3511,七,雀,清,陽,入,開,3,
3512,其,虐,羣,陽,入,開,3,
3513,憂,縛,影,陽,入,合,3,
3514,符,钁,並,陽,入,,3,
3515,許,縛,曉,陽,入,合,3,
3516,王,縛,云,陽,入,合,3,
3517,居,縛,見,陽,入,合,3,
3518,張,略,知,陽,入,開,3,
3519,直,略,澄,陽,入,開,3,
3520,丘,縛,溪,陽,入,合,3,
3521,具,籰,羣,陽,入,合,3,
3522,女,略,孃,陽,入,開,3,
3523,孚,縛,滂,陽,入,,3,
3524,虛,約,曉,陽,入,開,3,
3525,徒,落,定,唐,入,開,1,
3526,慕,各,明,唐,入,,1,
3527,盧,各,來,唐,入,開,1,
3528,他,各,透,唐,入,開,1,
3529,則,落,精,唐,入,開,1,
3530,倉,各,清,唐,入,開,1,
3531,古,落,見,唐,入,開,1,
3532,苦,各,溪,唐,入,開,1,
3533,五,各,疑,唐,入,開,1,
3534,匹,各,滂,唐,入,,1,
3535,烏,各,影,唐,入,開,1,
3536,傍,各,並,唐,入,,1,
3537,呵,各,曉,唐,入,開,1,
3538,蘇,各,心,唐,入,開,1,
3539,下,各,匣,唐,入,開,1,
3540,在,各,從,唐,入,開,1,
3541,補,各,幫,唐,入,,1,
3542,奴,各,泥,唐,入,開,1,
3543,虛,郭,曉,唐,入,合,1,
3544,古,博,見,唐,入,合,1,
3545,烏,郭,影,唐,入,合,1,
3546,胡,郭,匣,唐,入,合,1,
3547,苦,郭,溪,唐,入,合,1,
3548,五,郭,疑,唐,入,合,1,
3549,盧,穫,來,唐,入,合,1,
3550,祖,郭,精,唐,入,合,1,
3551,莫,白,明,庚,入,,2,
3552,陟,格,知,庚,入,開,2,
3553,傍,陌,並,庚,入,,2,
3554,博,陌,幫,庚,入,,2,
3555,奇,逆,羣,庚,入,開,3,
3556,几,劇,見,庚,入,開,3,
3557,山,戟,生,庚,入,開,3,
3558,測,戟,初,庚,入,開,3,
3559,胡,伯,匣,庚,入,合,2,
3560,側,伯,莊,庚,入,開,2,
3561,鋤,陌,崇,庚,入,開,2,
3562,綺,戟,溪,庚,入,開,3,
3563,五,陌,疑,庚,入,開,2,
3564,宜,戟,疑,庚,入,開,3,
3565,苦,格,溪,庚,入,開,2,
3566,烏,格,影,庚,入,開,2,
3567,許,郤,曉,庚,入,開,3,
3568,丑,格,徹,庚,入,開,2,
3569,乙,白,影,庚,入,合,2,
3570,普,伯,滂,庚,入,,2,
3571,呼,格,曉,庚,入,開,2,
3572,胡,格,匣,庚,入,開,2,
3573,古,伯,見,庚,入,開,2,
3574,虎,伯,曉,庚,入,合,2,
3575,場,伯,澄,庚,入,開,2,
3576,古,伯,見,庚,入,合,2,
3577,女,白,孃,庚,入,開,2,
3578,丘,擭,溪,庚,入,合,2,
3579,弼,戟,並,庚,入,,3,
3580,莫,獲,明,耕,入,,2,
3581,胡,麥,匣,耕,入,合,2,
3582,古,獲,見,耕,入,合,2,
3583,博,厄,幫,耕,入,,2,
3584,蒲,革,並,耕,入,,2,
3585,士,革,崇,耕,入,開,2,
3586,側,革,莊,耕,入,開,2,
3587,查,獲,崇,耕,入,合,2,
3588,楚,革,初,耕,入,開,2,
3589,楷,革,溪,耕,入,開,2,
3590,呼,麥,曉,耕,入,合,2,
3591,下,革,匣,耕,入,開,2,
3592,古,核,見,耕,入,開,2,
3593,陟,革,知,耕,入,開,2,
3594,於,革,影,耕,入,開,2,
3595,山,責,生,耕,入,開,2,
3596,普,麥,滂,耕,入,,2,
3597,五,革,疑,耕,入,開,2,
3598,力,摘,來,耕,入,開,2,
3599,簪,摑,莊,耕,入,合,2,
3600,砂,獲,生,耕,入,合,2,
3601,求,獲,羣,耕,入,合,2,
3602,尼,戹,孃,耕,入,開,2,
3603,思,積,心,清,入,開,3,
3604,資,昔,精,清,入,開,3,
3605,伊,昔,影,清,入,開,3,A
3606,羊,益,以,清,入,開,3,A
3607,施,隻,書,清,入,開,3,
3608,昌,石,昌,清,入,開,3,
3609,常,隻,常,清,入,開,3,
3610,之,石,章,清,入,開,3,
3611,直,炙,澄,清,入,開,3,
3612,七,迹,清,清,入,開,3,
3613,祥,易,邪,清,入,開,3,
3614,秦,昔,從,清,入,開,3,
3615,房,益,並,清,入,,3,A
3616,營,隻,以,清,入,合,3,A
3617,許,役,曉,清,入,合,3,A
3618,必,益,幫,清,入,,3,A
3619,芳,辟,滂,清,入,,3,A
3620,食,亦,船,清,入,開,3,
3621,彼,役,幫,清,入,,3,B
3622,竹,益,知,清,入,開,3,
3623,丑,亦,徹,清,入,開,3,
3624,之,役,章,清,入,合,3,
3625,七,役,清,清,入,合,3,
3626,先,擊,心,青,入,開,4,
3627,古,歷,見,青,入,開,4,
3628,普,擊,滂,青,入,,4,
3629,郎,擊,來,青,入,開,4,
3630,都,歷,端,青,入,開,4,
3631,胡,狄,匣,青,入,開,4,
3632,五,歷,疑,青,入,開,4,
3633,徒,歷,定,青,入,開,4,
3634,他,歷,透,青,入,開,4,
3635,則,歷,精,青,入,開,4,
3636,苦,擊,溪,青,入,開,4,
3637,奴,歷,泥,青,入,開,4,
3638,前,歷,從,青,入,開,4,
3639,莫,狄,明,青,入,,4,
3640,扶,歷,並,青,入,,4,
3641,北,激,幫,青,入,,4,
3642,苦,鶪,溪,青,入,合,4,
3643,古,闃,見,青,入,合,4,
3644,倉,歷,清,青,入,開,4,
3645,許,激,曉,青,入,開,4,
3646,呼,狊,曉,青,入,合,4,
3647,之,翼,章,蒸,入,開,3,
3648,除,力,澄,蒸,入,開,3,
3649,林,直,來,蒸,入,開,3,
3650,恥,力,徹,蒸,入,開,3,
3651,竹,力,知,蒸,入,開,3,
3652,乘,力,船,蒸,入,開,3,
3653,相,即,心,蒸,入,開,3,
3654,常,職,常,蒸,入,開,3,
3655,賞,職,書,蒸,入,開,3,
3656,許,極,曉,蒸,入,開,3,
3657,士,力,崇,蒸,入,開,3,
3658,渠,力,羣,蒸,入,開,3,
3659,女,力,孃,蒸,入,開,3,
3660,初,力,初,蒸,入,開,3,
3661,於,力,影,蒸,入,開,3,
3662,所,力,生,蒸,入,開,3,
3663,丘,力,溪,蒸,入,開,3,
3664,紀,力,見,蒸,入,開,3,
3665,與,職,以,蒸,入,開,3,
3666,子,力,精,蒸,入,開,3,
3667,彼,側,幫,蒸,入,,3,
3668,雨,逼,云,蒸,入,合,3,
3669,況,逼,曉,蒸,入,合,3,
3670,芳,逼,滂,蒸,入,,3,
3671,阻,力,莊,蒸,入,開,3,
3672,符,逼,並,蒸,入,,3,
3673,魚,力,疑,蒸,入,開,3,
3674,秦,力,從,蒸,入,開,3,
3675,亡,逼,明,蒸,入,,3,
3676,昌,力,昌,蒸,入,開,3,
3677,多,則,端,登,入,開,1,
3678,子,德,精,登,入,開,1,
3679,盧,則,來,登,入,開,1,
3680,他,德,透,登,入,開,1,
3681,苦,得,溪,登,入,開,1,
3682,徒,得,定,登,入,開,1,
3683,呼,北,曉,登,入,開,1,
3684,莫,北,明,登,入,,1,
3685,昨,則,從,登,入,開,1,
3686,蘇,則,心,登,入,開,1,
3687,博,墨,幫,登,入,,1,
3688,蒲,北,並,登,入,,1,
3689,胡,國,匣,登,入,合,1,
3690,古,或,見,登,入,合,1,
3691,愛,黑,影,登,入,開,1,
3692,胡,得,匣,登,入,開,1,
3693,奴,勒,泥,登,入,開,1,
3694,古,得,見,登,入,開,1,
3695,七,則,清,登,入,開,1,
3696,匹,北,滂,登,入,,1,
3697,呼,或,曉,登,入,合,1,
3698,七,入,清,侵,入,開,3,
3699,是,執,常,侵,入,開,3,
3700,之,入,章,侵,入,開,3,
3701,似,入,邪,侵,入,開,3,
3702,秦,入,從,侵,入,開,3,
3703,人,執,日,侵,入,開,3,
3704,伊,入,影,侵,入,開,3,A
3705,失,入,書,侵,入,開,3,
3706,子,入,精,侵,入,開,3,
3707,其,立,羣,侵,入,開,3,B
3708,直,立,澄,侵,入,開,3,
3709,陟,立,知,侵,入,開,3,
3710,力,入,來,侵,入,開,3,
3711,居,立,見,侵,入,開,3,B
3712,魚,及,疑,侵,入,開,3,B
3713,去,急,溪,侵,入,開,3,B
3714,先,立,心,侵,入,開,3,
3715,色,立,生,侵,入,開,3,
3716,許,及,曉,侵,入,開,3,B
3717,阻,立,莊,侵,入,開,3,
3718,於,汲,影,侵,入,開,3,B
3719,丑,入,徹,侵,入,開,3,
3720,爲,立,云,侵,入,開,3,B
3721,羊,入,以,侵,入,開,3,A
3722,尼,立,孃,侵,入,開,3,
3723,仕,戢,崇,侵,入,開,3,
3724,皮,及,並,侵,入,,3,B
3725,彼,及,幫,侵,入,,3,B
3726,初,戢,初,侵,入,開,3,
3727,昌,汁,昌,侵,入,開,3,
3728,侯,閤,匣,覃,入,開,1,
3729,古,沓,見,覃,入,開,1,
3730,都,合,端,覃,入,開,1,
3731,蘇,合,心,覃,入,開,1,
3732,徒,合,定,覃,入,開,1,
3733,他,合,透,覃,入,開,1,
3734,徂,合,從,覃,入,開,1,
3735,子,荅,精,覃,入,開,1,
3736,盧,合,來,覃,入,開,1,
3737,奴,荅,泥,覃,入,開,1,
3738,口,荅,溪,覃,入,開,1,
3739,烏,合,影,覃,入,開,1,
3740,呼,合,曉,覃,入,開,1,
3741,五,合,疑,覃,入,開,1,
3742,七,合,清,覃,入,開,1,
3743,胡,臘,匣,談,入,開,1,
3744,盧,盍,來,談,入,開,1,
3745,都,榼,端,談,入,開,1,
3746,吐,盍,透,談,入,開,1,
3747,呼,盍,曉,談,入,開,1,
3748,奴,盍,泥,談,入,開,1,
3749,徒,盍,定,談,入,開,1,
3750,私,盍,心,談,入,開,1,
3751,五,盍,疑,談,入,開,1,
3752,才,盍,從,談,入,開,1,
3753,古,盍,見,談,入,開,1,
3754,苦,盍,溪,談,入,開,1,
3755,安,盍,影,談,入,開,1,
3756,倉,雜,清,談,入,開,1,
3757,章,盍,章,談,入,開,3,
3758,與,涉,以,鹽,入,開,3,A
3759,即,葉,精,鹽,入,開,3,
3760,書,涉,書,鹽,入,開,3,
3761,時,攝,常,鹽,入,開,3,
3762,良,涉,來,鹽,入,開,3,
3763,疾,葉,從,鹽,入,開,3,
3764,直,葉,澄,鹽,入,開,3,
3765,於,輒,影,鹽,入,開,3,B
3766,尼,輒,孃,鹽,入,開,3,
3767,叱,涉,昌,鹽,入,開,3,
3768,而,涉,日,鹽,入,開,3,
3769,之,涉,章,鹽,入,開,3,
3770,七,接,清,鹽,入,開,3,
3771,丑,輒,徹,鹽,入,開,3,
3772,其,輒,羣,鹽,入,開,3,B
3773,陟,葉,知,鹽,入,開,3,
3774,筠,輒,云,鹽,入,開,3,B
3775,去,涉,溪,鹽,入,開,3,A
3776,山,輒,生,鹽,入,開,3,
3777,居,輒,見,鹽,入,開,3,B
3778,於,葉,影,鹽,入,開,3,A
3779,他,協,透,添,入,開,4,
3780,胡,頰,匣,添,入,開,4,
3781,古,協,見,添,入,開,4,
3782,苦,協,溪,添,入,開,4,
3783,徒,協,定,添,入,開,4,
3784,奴,協,泥,添,入,開,4,
3785,蘇,協,心,添,入,開,4,
3786,盧,協,來,添,入,開,4,
3787,丁,愜,端,添,入,開,4,
3788,在,協,從,添,入,開,4,
3789,子,協,精,添,入,開,4,
3790,呼,牒,曉,添,入,開,4,
3791,侯,夾,匣,咸,入,開,2,
3792,苦,洽,溪,咸,入,開,2,
3793,士,洽,崇,咸,入,開,2,
3794,古,洽,見,咸,入,開,2,
3795,側,洽,莊,咸,入,開,2,
3796,楚,洽,初,咸,入,開,2,
3797,女,洽,孃,咸,入,開,2,
3798,呼,洽,曉,咸,入,開,2,
3799,山,洽,生,咸,入,開,2,
3800,竹,洽,知,咸,入,開,2,
3801,烏,洽,影,咸,入,開,2,
3802,五,夾,疑,咸,入,開,2,
3803,丑,㘝,徹,咸,入,開,2,
3804,胡,甲,匣,銜,入,開,2,
3805,丈,甲,澄,銜,入,開,2,
3806,烏,甲,影,銜,入,開,2,
3807,古,狎,見,銜,入,開,2,
3808,所,甲,生,銜,入,開,2,
3809,呼,甲,曉,銜,入,開,2,
3810,魚,怯,疑,嚴,入,開,3,
3811,虛,業,曉,嚴,入,開,3,
3812,去,劫,溪,嚴,入,開,3,
3813,居,怯,見,嚴,入,開,3,
3814,於,業,影,嚴,入,開,3,
3815,余,業,以,嚴,入,開,3,
3816,巨,業,羣,嚴,入,開,3,
3817,房,法,並,凡,入,,3,
3818,方,乏,幫,凡,入,,3,
3819,孚,法,滂,凡,入,,3,
3820,女,法,孃,嚴,入,開,3,
3821,丑,法,徹,嚴,入,開,3,
