識別號,韻目識別號,韻目列號,攝,四聲調號,調,目次,韻目,韻類,等呼,等,呼,韻母,韻目標音對照識別,韻母標音,切語下字集,備註
1,1,1,通,1,平,上平01東,東,東一,獨洪,1,開,01獨洪,1,ong,工公紅東洪空,
2,1,1,通,1,平,上平01東,東,東二,獨細,3,開,01獨細,2,iong,弓戎中宮終融隆,
3,58,1,通,2,上,上01董,董,董一,獨洪,1,開,01獨洪,1,ong,動乙摠董蠓孔揔,
4,58,1,通,2,上,上01董,董,董二,獨細,3,開,01獨細,2,iong,,董韻無3等字
5,113,1,通,3,去,去01送,送,送一,獨洪,1,開,01獨洪,1,ong,貢弄送凍鳳,
6,113,1,通,3,去,去01送,送,送二,獨細,3,開,01獨細,2,iong,仲眾衆,
7,174,1,通,4,入,入01屋,屋,屋一,獨洪,1,開,01獨洪,1,ok,谷祿禄木卜,
8,174,1,通,4,入,入01屋,屋,屋二,獨細,3,開,01獨細,2,iok,六逐匊宿竹菊福,
9,2,2,通,1,平,上平02冬,冬,冬,獨洪,1,開,02獨洪,3,ong,宗冬,
10,114,2,通,3,去,去02宋,宋,宋,獨洪,1,開,02獨洪,3,ong,統宋綜,
11,175,2,通,4,入,入02沃,沃,沃,獨洪,1,開,02獨洪,3,ok,毒沃篤酷,
12,3,3,通,1,平,上平03鍾,鍾,鍾,獨細,3,開,03獨細,4,iong,容凶庸鍾恭封,
13,59,3,通,2,上,上02腫,腫,腫,獨細,3,開,03獨細,4,iong,隴勇拱悚冢冗踵奉宂𪁪湩,
14,115,3,通,3,去,去03用,用,用,獨細,3,開,03獨細,4,iong,用訟頌,
15,176,3,通,4,入,入03燭,燭,燭,獨細,3,開,03獨細,4,iok,玉欲曲足蜀祿録錄,
16,4,4,江,1,平,上平04江,江,江,獨洪,2,開,04獨洪,5,ang,雙江,
17,60,4,江,2,上,上03講,講,講,獨洪,2,開,04獨洪,5,ang,項講慃,
18,116,4,江,3,去,去04絳,絳,絳,獨洪,2,開,04獨洪,5,ang,巷絳降,
19,177,4,江,4,入,入04覺,覺,覺,獨洪,2,開,04獨洪,5,ak,岳角覺邈,
20,5,5,止,1,平,上平05支,支,支一,開細,3,開,05開細,6,i,移支離知宜羈奇皮肌其兹甾,
21,5,5,止,1,平,上平05支,支,支二,合細,3,合,05合細,7,ui,為爲垂危吹隨規隋隹,
22,61,5,止,2,上,上04紙,紙,紙一,開細,3,開,05開細,6,i,氏紙此是豸侈爾綺倚俾婢弭帋委,
23,61,5,止,2,上,上04紙,紙,紙二,合細,3,合,05合細,7,ui,累詭捶髓毀棰,
24,117,5,止,3,去,去05寘,寘,寘一,開細,3,開,05開細,6,i,義賜豉智寄企避靡彼寘,
25,117,5,止,3,去,去05寘,寘,寘二,合細,3,合,05合細,7,ui,睡僞恚瑞累偽,
26,6,6,止,1,平,上平06脂,脂,脂一,開細,3,開,06開細,8,i,夷脂飢尼冗資私眉悲,
27,6,6,止,1,平,上平06脂,脂,脂二,合細,3,合,06合細,9,ui,追綏佳遺維,
28,62,6,止,2,上,上05旨,旨,旨一,開細,3,開,06開細,8,i,雉視矢姊屐履几美鄙,
29,62,6,止,2,上,上05旨,旨,旨二,合細,3,合,06合細,9,ui,誄洧水軌癸壘,
30,118,6,止,3,去,去06至,至,至一,開細,3,開,06開細,8,i,利四自冀兾至器二季悸媚備寐祕,
31,118,6,止,3,去,去06至,至,至二,合細,3,合,06合細,9,ui,類遂萃位醉愧,
32,7,7,止,1,平,上平07之,之,之,獨細,3,開,07獨細,10,i,而之茲持甚菑,
33,63,7,止,2,上,上06止,止,止,獨細,3,開,07獨細,10,i,己止紀市里史理擬士,
34,119,7,止,3,去,去07志,志,志,獨細,3,開,07獨細,10,i,吏記志置忌,
35,8,8,止,1,平,上平08微,微,微一,開細,3,開,08開細,11,i,希衣依,
36,8,8,止,1,平,上平08微,微,微二,合細,3,合,08合細,12,ui,韋歸微非,
37,64,8,止,2,上,上07尾,尾,尾一,開細,3,開,08開細,11,i,豈狶豨,
38,64,8,止,2,上,上07尾,尾,尾二,合細,3,合,08合細,12,ui,偉鬼匪尾,
39,120,8,止,3,去,去08未,未,未一,開細,3,開,08開細,11,i,既旣豙溉,
40,120,8,止,3,去,去08未,未,未二,合細,3,合,08合細,12,ui,貴胃畏沸未味,
41,9,9,遇,1,平,上平09魚,魚,魚,獨細,3,開,09獨細,13,u,居魚諸余葅𦵔,
42,65,9,遇,2,上,上08語,語,語,獨細,3,開,09獨細,13,u,巨舉呂吕渚與許與与,
43,121,9,遇,3,去,去09御,御,御,獨細,3,開,09獨細,13,u,倨去據洳預恕署助慮御,
44,10,10,遇,1,平,上平10虞,虞,虞,獨細,3,開,10獨細,14,u,俱朱誅隅俞輸逾芻于無夫,
45,66,10,遇,2,上,上09麌,麌,麌,獨細,3,開,10獨細,14,u,矩主庾雨禹羽武甫,
46,122,10,遇,3,去,去10遇,遇,遇,獨細,3,開,10獨細,14,u,具遇句戌戍注,
47,11,11,遇,1,平,上平11模,模,模,獨洪,1,開,11獨洪,15,oo,胡都吳乎姑烏吾孤,
48,67,11,遇,2,上,上10姥,姥,姥,獨洪,1,開,11獨洪,15,oo,古戶戸杜魯補五,
49,123,11,遇,3,去,去11暮,暮,暮,獨洪,1,開,11獨洪,15,oo,故誤暮祚路,
50,12,12,蟹,1,平,上平12齊,齊,齊一,開細,4,開,12開細,16,e,奚雞稽低兮臡迷,
51,12,12,蟹,1,平,上平12齊,齊,齊二,合細,4,合,12合細,17,ui,圭攜,攜：戶圭切
52,68,12,蟹,2,上,上11薺,薺,薺一,開細,4,開,12開細,16,e,禮啟啓弟米,
53,68,12,蟹,2,上,上11薺,薺,薺二,合細,4,合,12合細,17,ui,,薺合4無字
54,124,12,蟹,3,去,去12霽,霽,霽一,開細,4,開,12開細,16,e,詣計戾隸,
55,124,12,蟹,3,去,去12霽,霽,霽二,合細,4,合,12合細,17,ui,桂惠,
56,125,13,蟹,3,去,去13祭,祭,祭一,開細,3,開,13開細,18,e,例制罽祭憩袂蔽弊𡚁世,
57,125,13,蟹,3,去,去13祭,祭,祭二,合細,3,合,13合細,19,ue,芮銳衛稅劌歲,
58,126,14,蟹,3,去,去14泰,泰,泰一,開洪,1,開,14開洪,20,ai,蓋太艾大帶,
59,126,14,蟹,3,去,去14泰,泰,泰二,合洪,1,合,14合洪,21,ui,外會最貝,
60,13,15,蟹,1,平,上平13佳,佳,佳一,開洪,2,開,15開洪,22,ai,佳膎,
61,13,15,蟹,1,平,上平13佳,佳,佳二,合洪,2,合,15合洪,23,ua,蛙媧緺,
62,69,15,蟹,2,上,上12蟹,蟹,蟹一,開洪,2,開,15開洪,22,ai,蟹買𦫳,
63,69,15,蟹,2,上,上12蟹,蟹,蟹二,合洪,2,合,15合洪,23,ua,夥𠁥,
64,127,15,蟹,3,去,去15卦,卦,卦一,開洪,2,開,15開洪,22,ai,隘懈賣卦,
65,127,15,蟹,3,去,去15卦,卦,卦二,合洪,2,合,15合洪,23,ua,,
66,14,16,蟹,1,平,上平14皆,皆,皆一,開洪,2,開,16開洪,24,ai,諧皆,
67,14,16,蟹,1,平,上平14皆,皆,皆二,合洪,2,合,16合洪,25,uai,乖懷淮,
68,70,16,蟹,2,上,上13駭,駭,駭一,開洪,2,開,16開洪,24,ai,駭楷,
69,70,16,蟹,2,上,上13駭,駭,駭二,合洪,2,合,16合洪,25,uai,,
70,128,16,蟹,3,去,去16怪,怪,怪一,開洪,2,開,16開洪,24,ai,戒介界拜殺,
71,128,16,蟹,3,去,去16怪,怪,怪二,合洪,2,合,16合洪,25,uai,怪壞,
72,129,17,蟹,3,去,去17夬,夬,夬一,開洪,2,開,17開洪,26,ai,介喝犗,
73,129,17,蟹,3,去,去17夬,夬,夬二,合洪,2,合,17合洪,27,uai,夬快話邁,
74,15,18,蟹,1,平,上平15灰,灰,灰,合洪,1,合,18合洪,28,ui,灰恢回杯,
75,71,18,蟹,2,上,上14賄,賄,賄,合洪,1,合,18合洪,28,ui,罪猥賄,
76,130,18,蟹,3,去,去18隊,隊,隊,合洪,1,合,18合洪,28,ui,隊內内對繢妹佩昧輩,
77,16,19,蟹,1,平,上平16咍,咍,咍,開洪,1,開,19開洪,29,ai,來開哀才哉,
78,72,19,蟹,2,上,上15海,海,海,開洪,1,開,19開洪,29,ai,改亥愷宰紿乃在,
79,131,19,蟹,3,去,去19代,代,代,開洪,1,開,19開洪,29,ai,耐槩愛漑代概,
80,132,20,蟹,3,去,去20廢,廢,廢,合細,3,合,20合細,30,ui,穢肺吠廢,
81,17,21,臻,1,平,上平17真,真,真,開細,3,開,21開細,31,in,鄰人真眞珍巾銀賓辰,
82,73,21,臻,2,上,上16軫,軫,軫,開細,3,開,21開細,31,in,忍軫引盡腎敏,
83,133,21,臻,3,去,去21震,震,震,開細,3,開,21開細,31,in,刃晉遴振印覲,
84,178,21,臻,4,入,入05質,質,質,開細,3,開,21開細,31,it,栗悉七吉質日一乙叱必畢筆密耴,
85,18,22,臻,1,平,上平18諄,諄,諄,合細,3,開,22合細,32,un,倫綸脣勻遵均迍旬囷筠贇,
86,74,22,臻,2,上,上17準,準,準,合細,3,開,22合細,32,un,尹準允殞紖,
87,134,22,臻,3,去,去22稕,稕,稕,合細,3,開,22合細,32,un,閏峻順,
88,179,22,臻,4,入,入06術,術,術,合細,3,開,22合細,32,ut,術律聿卹率,
89,19,23,臻,1,平,上平19臻,臻,臻,開洪,2,開,23開洪,33,in,詵臻,
90,135,23,臻,3,去,去23齔,齔,齔,開洪,2,開,23開洪,33,in,,無切語
91,180,23,臻,4,入,入07櫛,櫛,櫛,開洪,2,開,23開洪,33,it,瑟櫛,
92,20,24,臻,1,平,上平20文,文,文,合細,3,開,24合細,34,un,云分文,
93,75,24,臻,2,上,上18吻,吻,吻,合細,3,開,24合細,34,un,粉吻,
94,136,24,臻,3,去,去24問,問,問,合細,3,開,24合細,34,un,運問,
95,181,24,臻,4,入,入08物,物,物,合細,3,開,24合細,34,ut,弗物勿,
96,21,25,臻,1,平,上平21殷,殷,殷,開細,3,開,25開細,35,in,斤欣,
97,76,25,臻,2,上,上19隱,隱,隱,開細,3,開,25開細,35,in,謹隱槿,
98,137,25,臻,3,去,去25焮,焮,焮,開細,3,開,25開細,35,in,焮靳,
99,182,25,臻,4,入,入09迄,迄,迄,開細,3,開,25開細,35,it,乞迄訖,
100,22,26,臻,1,平,上平22元,元,元一,開細,3,開,26開細,36,ian,言軒,
101,22,26,臻,1,平,上平22元,元,元二,合細,3,合,26合細,37,uan,袁元煩,
102,77,26,臻,2,上,上20阮,阮,阮一,開細,3,開,26開細,36,ian,偃幰,
103,77,26,臻,2,上,上20阮,阮,阮二,合細,3,合,26合細,37,uan,阮遠晚,
104,138,26,臻,3,去,去26願,願,願一,開細,3,開,26開細,36,ian,堰建,
105,138,26,臻,3,去,去26願,願,願二,合細,3,合,26合細,37,uan,願怨万販,
106,183,26,臻,4,入,入10月,月,月一,開細,3,開,26開細,36,iat,訐竭謁歇,
107,183,26,臻,4,入,入10月,月,月二,合細,3,合,26合細,37,uat,厥越月伐發,
108,23,27,臻,1,平,上平23魂,魂,魂,合洪,1,開,27合洪,38,ut,昆尊渾魂奔,
109,78,27,臻,2,上,上21混,混,混,合洪,1,開,27合洪,38,ut,損袞衮忖本,
110,139,27,臻,3,去,去27慁,慁,慁,合洪,1,開,27合洪,38,ut,困寸悶,
111,184,27,臻,4,入,入11沒,沒,沒,合洪,1,開,27合洪,38,ut,骨忽没沒勃,
112,24,28,臻,1,平,上平24痕,痕,痕,開洪,1,開,28開洪,39,un,根痕恩,
113,79,28,臻,2,上,上22很,很,很,開洪,1,開,28開洪,39,un,墾很,
114,140,28,臻,3,去,去28恨,恨,恨,開洪,1,開,28開洪,39,un,艮恨,
115,185,28,臻,4,入,入12麧,麧,麧,開洪,1,開,28開洪,39,ut,,
116,25,29,山,1,平,上平25寒,寒,寒,開洪,1,開,29開洪,40,an,安寒干,
117,80,29,山,2,上,上23旱,旱,旱,開洪,1,開,29開洪,40,an,笴旱但,
118,141,29,山,3,去,去29翰,翰,翰,開洪,1,開,29開洪,40,an,旱案贊賛按旦旰憚,
119,186,29,山,4,入,入13曷,曷,曷,開洪,1,開,29開洪,40,at,葛曷割達,
120,26,30,山,1,平,上平26桓,桓,桓,合洪,1,合,30合洪,41,uan,官丸端潘袁元煩,
121,81,30,山,2,上,上24緩,緩,緩,合洪,1,合,30合洪,41,uan,管伴滿緩纂,
122,142,30,山,3,去,去30換,換,換,合洪,1,合,30合洪,41,uan,換喚玩段貫筭亂半幔,
123,187,30,山,4,入,入14末,末,末,合洪,1,合,30合洪,41,uat,括活栝撥末,
124,27,31,山,1,平,上平27刪,刪,刪一,開洪,2,開,31開洪,42,an,姦顏閒,
125,27,31,山,1,平,上平27刪,刪,刪二,合洪,2,合,31合洪,43,uan,還關班,
126,82,31,山,2,上,上25潸,潸,潸一,開洪,2,開,31開洪,42,an,赧,
127,82,31,山,2,上,上25潸,潸,潸二,合洪,2,合,31合洪,43,uan,綰板版鯇,
128,143,31,山,3,去,去31諫,諫,諫一,開洪,2,開,31開洪,42,an,晏諫鴈澗,
129,143,31,山,3,去,去31諫,諫,諫二,合洪,2,合,31合洪,43,uan,患慣慢,
130,188,31,山,4,入,入15黠,黠,黠一,開洪,2,開,31開洪,42,at,黠八拔,
131,188,31,山,4,入,入15黠,黠,黠二,合洪,2,合,31合洪,43,uat,滑婠,
132,28,32,山,1,平,上平28山,山,山一,開洪,2,開,32開洪,44,an,間閑山,
133,28,32,山,1,平,上平28山,山,山一,合洪,2,合,32合洪,45,uan,頑鰥頁,
134,83,32,山,2,上,上26產,產,產一,開洪,2,開,32開洪,44,an,簡限,
135,83,32,山,2,上,上26產,產,產一,合洪,2,合,32合洪,45,uan,綰,
136,144,32,山,3,去,去32襇,襇,襇一,開洪,2,開,32開洪,44,an,襉襇莧,
137,144,32,山,3,去,去32襇,襇,襇一,合洪,2,合,32合洪,45,uan,幻,
138,189,32,山,4,入,入16鎋,鎋,鎋一,開洪,2,開,32開洪,44,at,瞎轄鎋,
139,189,32,山,4,入,入16鎋,鎋,鎋一,合洪,2,合,32合洪,45,uat,刮䫄,
140,29,33,山,1,平,下平01先,先,先一,開細,4,開,33開細,46,ian,前先賢年堅煙田顛顚,
141,29,33,山,1,平,下平01先,先,先二,合細,4,合,33合細,47,ian,玄涓,
142,84,33,山,2,上,上27銑,銑,銑一,開細,4,開,33開細,46,ian,典殄繭峴,
143,84,33,山,2,上,上27銑,銑,銑二,合細,4,合,33合細,47,ian,泫畎,
144,145,33,山,3,去,去33霰,霰,霰一,開細,4,開,33開細,46,ian,佃甸電練麪,
145,145,33,山,3,去,去33霰,霰,霰二,合細,4,合,33合細,47,ian,縣絢麵,
146,190,33,山,4,入,入17屑,屑,屑一,開細,4,開,33開細,46,iat,結屑蔑,
147,190,33,山,4,入,入17屑,屑,屑二,合細,4,合,33合細,47,iat,穴決,
148,30,34,山,1,平,下平02仙,仙,仙一,開細,3,開,34開細,48,ian,然仙延連乾焉,
149,30,34,山,1,平,下平02仙,仙,仙二,合細,3,合,34合細,49,uan,員緣泉權圓專孿攣宣川全貟,
150,85,34,山,2,上,上28獮,獮,獮一,開細,3,開,34開細,48,ian,淺演善輦蹇展翦辨免,
151,85,34,山,2,上,上28獮,獮,獮二,合細,3,合,34合細,49,uan,轉篆兗兖緬,
152,146,34,山,3,去,去34線,線,線一,開細,3,開,34開細,48,ian,箭賤膳扇戰見碾線面彦變院彥,
153,146,34,山,3,去,去34線,線,線二,合細,3,合,34合細,49,uan,絹囀倦掾戀眷釧卷,
154,191,34,山,4,入,入18薛,薛,薛一,開細,3,開,34開細,48,iat,列熱滅竭薛辥别別,
155,191,34,山,4,入,入18薛,薛,薛二,合細,3,合,34合細,49,uat,絕悅劣爇雪輟,
156,31,35,效,1,平,下平03蕭,蕭,蕭,開細,4,開,35開細,50,iau,彫聊堯么幺蕭,
157,86,35,效,2,上,上29篠,篠,篠,開細,4,開,35開細,50,iau,鳥了皎皛,
158,147,35,效,3,去,去35嘯,嘯,嘯,開細,4,開,35開細,50,iau,弔叫嘯,
159,32,36,效,1,平,下平04宵,宵,宵,開細,3,開,36開細,51,iau,邀宵遙嬌消招霄囂焦昭瀌喬嚻,
160,87,36,效,2,上,上30小,小,小,開細,3,開,36開細,51,iau,兆小夭沼矯少表,
161,148,36,效,3,去,去36笑,笑,笑,開細,3,開,36開細,51,iau,召肖照笑𥬇要廟妙邵,
162,33,37,效,1,平,下平05肴,肴,肴,開洪,2,開,37開洪,52,au,交嘲肴茅,
163,88,37,效,2,上,上31巧,巧,巧,開洪,2,開,37開洪,52,au,絞巧飽爪,
164,149,37,效,3,去,去37效,效,效,開洪,2,開,37開洪,52,au,教敎稍孝皃,
165,34,38,效,1,平,下平06豪,豪,豪,開洪,1,開,38開洪,53,au,刀勞牢遭曹袍褒毛襃,
166,89,38,效,2,上,上32晧,晧,晧,開洪,1,開,38開洪,53,au,老晧道浩早抱,
167,150,38,效,3,去,去38号,号,号,開洪,1,開,38開洪,53,au,到導耗報,
168,35,39,果,1,平,下平07歌,歌,歌,開洪,1,開,39開洪,54,o,俄何河歌,
169,90,39,果,2,上,上33哿,哿,哿,開洪,1,開,39開洪,54,o,我可,
170,151,39,果,3,去,去39箇,箇,箇,開洪,1,開,39開洪,54,o,賀佐箇邏个,
171,36,40,果,1,平,下平08戈,戈,戈一,合洪,1,開,40合洪,55,o,禾戈和靴波婆𦚢𩩆𩨷,
172,36,40,果,1,平,下平08戈,戈,戈二,開細,3,開,40開細,56,ia,迦伽,
173,36,40,果,1,平,下平08戈,戈,戈三,合細,3,合,40合細,57,ia,脞,
174,91,40,果,2,上,上34果,果,果一,合洪,1,開,40合洪,55,o,火果,
175,91,40,果,2,上,上34果,果,果二,開細,3,開,40開細,56,ia,,
176,91,40,果,2,上,上34果,果,果三,合細,3,合,40合細,57,ia,,
177,152,40,果,3,去,去40過,過,過一,合洪,1,開,40合洪,55,o,臥卧唾過貨,
178,152,40,果,3,去,去40過,過,過二,開細,3,開,40開細,56,ia,,
179,152,40,果,3,去,去40過,過,過三,合細,3,合,40合細,57,ia,,
180,37,41,假,1,平,下平09麻,麻,麻一,開洪,2,開,41開洪,58,a,霞加牙巴,
181,37,41,假,1,平,下平09麻,麻,麻二,合洪,2,合,41合洪,59,ua,花瓜華,
182,37,41,假,1,平,下平09麻,麻,麻三,開細,3,開,41開細,60,ia,遮嗟邪車奢賒,
183,92,41,假,2,上,上35馬,馬,馬一,開洪,2,開,41開洪,58,a,下雅疋賈假舍,
184,92,41,假,2,上,上35馬,馬,馬二,合洪,2,合,41合洪,59,ua,瓦寡,
185,92,41,假,2,上,上35馬,馬,馬三,開細,3,開,41開細,60,ia,也者野冶姐,
186,153,41,假,3,去,去41禡,禡,禡一,開洪,2,開,41開洪,58,a,駕亞訝嫁罵,
187,153,41,假,3,去,去41禡,禡,禡二,合洪,2,合,41合洪,59,ua,化霸㕦,
188,153,41,假,3,去,去41禡,禡,禡三,開細,3,開,41開細,60,ia,謝夜,
189,38,42,宕,1,平,下平10陽,陽,陽一,開細,3,開,42開細,61,iong,章羊張良陽莊方,
190,38,42,宕,1,平,下平10陽,陽,陽二,合細,3,合,42合細,62,ong,王,
191,93,42,宕,2,上,上36養,養,養一,開細,3,開,42開細,61,iong,兩奬㢡養掌丈杖尚,
192,93,42,宕,2,上,上36養,養,養二,合細,3,合,42合細,62,ong,往网昉,
193,154,42,宕,3,去,去42漾,漾,漾一,開細,3,開,42開細,61,iong,亮讓樣向,
194,154,42,宕,3,去,去42漾,漾,漾二,合細,3,合,42合細,62,ong,況放訪妄諒㨾,
195,192,42,宕,4,入,入19藥,藥,藥一,開細,3,開,42開細,61,iok,灼略若爵虐藥約雀勺削,
196,192,42,宕,4,入,入19藥,藥,藥二,合細,3,合,42合細,62,ok,钁縛籰,
197,39,43,宕,1,平,下平11唐,唐,唐一,開洪,1,開,43開洪,63,ong,郎當剛岡,
198,39,43,宕,1,平,下平11唐,唐,唐二,合洪,1,合,43合洪,64,ong,光黃旁,
199,94,43,宕,2,上,上37蕩,蕩,蕩一,開洪,1,開,43開洪,63,ong,朗黨,
200,94,43,宕,2,上,上37蕩,蕩,蕩二,合洪,1,合,43合洪,64,ong,廣晃,
201,155,43,宕,3,去,去43宕,宕,宕一,開洪,1,開,43開洪,63,ong,浪宕,
202,155,43,宕,3,去,去43宕,宕,宕二,合洪,1,合,43合洪,64,ong,曠謗,
203,193,43,宕,4,入,入20鐸,鐸,鐸一,開洪,1,開,43開洪,63,ok,落各,
204,193,43,宕,4,入,入20鐸,鐸,鐸二,合洪,1,合,43合洪,64,ok,穫郭博,
205,40,44,梗,1,平,下平12庚,庚,庚一,開洪,2,開,44開洪,65,ing,行庚盲,
206,40,44,梗,1,平,下平12庚,庚,庚二,合洪,2,合,44合洪,66,ong,觥橫,
207,40,44,梗,1,平,下平12庚,庚,庚三,開細,3,開,44開細,67,ing,驚卿京,
208,40,44,梗,1,平,下平12庚,庚,庚四,合細,3,合,44合細,68,ing,榮兵明,
209,95,44,梗,2,上,上38梗,梗,梗一,開洪,2,開,44開洪,65,ing,杏梗冷打猛丙,
210,95,44,梗,2,上,上38梗,梗,梗二,合洪,2,合,44合洪,66,ong,礦,
211,95,44,梗,2,上,上38梗,梗,梗三,開細,3,開,44開細,67,ing,景影,
212,95,44,梗,2,上,上38梗,梗,梗四,合細,3,合,44合細,68,ing,永憬䁝,
213,156,44,梗,3,去,去44敬,敬,敬一,開洪,2,開,44開洪,65,ing,更孟,
214,156,44,梗,3,去,去44敬,敬,敬二,合洪,2,合,44合洪,66,ong,蝗,
215,156,44,梗,3,去,去44敬,敬,敬三,開細,3,開,44開細,67,ing,慶敬詠,
216,156,44,梗,3,去,去44敬,敬,敬四,合細,3,合,44合細,68,ing,命病,
217,194,44,梗,4,入,入21陌,陌,陌一,開洪,2,開,44開洪,65,ik,格陌伯白百,
218,194,44,梗,4,入,入21陌,陌,陌二,合洪,2,合,44合洪,66,ok,虢,
219,194,44,梗,4,入,入21陌,陌,陌三,開細,3,開,44開細,67,ik,戟刻郤逆劇擭迹,
220,194,44,梗,4,入,入21陌,陌,陌四,合細,3,合,44合細,68,ik,,
221,41,45,梗,1,平,下平13耕,耕,耕一,開洪,2,開,45開洪,69,ing,莖耕,
222,41,45,梗,1,平,下平13耕,耕,耕二,合洪,2,合,45合洪,70,ong,宏轟萌,
223,96,45,梗,2,上,上39耿,耿,耿一,開洪,2,開,45開洪,69,ing,幸耿,
224,96,45,梗,2,上,上39耿,耿,耿二,合洪,2,合,45合洪,70,ong,,
225,157,45,梗,3,去,去45諍,諍,諍一,開洪,2,開,45開洪,69,ing,諍爭迸,
226,157,45,梗,3,去,去45諍,諍,諍二,合洪,2,合,45合洪,70,ong,,
227,195,45,梗,4,入,入22麥,麥,麥一,開洪,2,開,45開洪,69,ik,核革責摘厄戹,
228,195,45,梗,4,入,入22麥,麥,麥二,合洪,2,合,45合洪,70,ok,獲摑麥,
229,42,46,梗,1,平,下平14清,清,清一,開細,3,開,46開細,71,ing,情盈貞成征井并,
230,42,46,梗,1,平,下平14清,清,清二,合細,3,合,46合細,72,ing,營傾,
231,97,46,梗,2,上,上40靜,靜,靜一,開細,3,開,46開細,71,ing,靜郢井整,
232,97,46,梗,2,上,上40靜,靜,靜二,合細,3,合,46合細,72,ing,潁頃,
233,158,46,梗,3,去,去46勁,勁,勁一,開細,3,開,46開細,71,ing,政姓鄭正盛令,
234,158,46,梗,3,去,去46勁,勁,勁二,合細,3,合,46合細,72,ing,,
235,196,46,梗,4,入,入23昔,昔,昔一,開細,3,開,46開細,71,ik,積炙易石辟隻亦益昔,
236,196,46,梗,4,入,入23昔,昔,昔二,合細,3,合,46合細,72,ik,役,
237,43,47,梗,1,平,下平15青,青,青一,開細,4,開,47開細,73,ing,經靈刑丁,
238,43,47,梗,1,平,下平15青,青,青二,合細,4,合,47合細,74,ing,螢扃,
239,98,47,梗,2,上,上41迥,迥,迥一,開細,4,開,47開細,73,ing,挺鼎涬頂醒剄,
240,98,47,梗,2,上,上41迥,迥,迥二,合細,4,合,47合細,74,ing,迥熲,
241,159,47,梗,3,去,去47徑,徑,徑一,開細,4,開,47開細,73,ing,定佞徑,
242,159,47,梗,3,去,去47徑,徑,徑二,合細,4,合,47合細,74,ing,,
243,197,47,梗,4,入,入24錫,錫,錫一,開細,4,開,47開細,73,ik,歷擊淚狄激,
244,197,47,梗,4,入,入24錫,錫,錫二,合細,4,合,47合細,74,ik,闃鶪狊,
245,44,48,曾,1,平,下平16蒸,蒸,蒸,開細,3,開,48開細,75,ing,仍陵蒸矜兢膺乘冰乗升,
246,99,48,曾,2,上,上42拯,拯,拯,開細,3,開,48開細,75,ing,拯庱,
247,160,48,曾,3,去,去48證,證,證,開細,3,開,48開細,75,ing,應證孕甑𩜁,
248,198,48,曾,4,入,入25職,職,職,開細,3,開,48開細,75,ik,翼力側職直即極逼,
249,45,49,曾,1,平,下平17登,登,登一,開洪,1,開,49開洪,76,ing,滕增恆恒登棱崩朋,
250,45,49,曾,1,平,下平17登,登,登二,合洪,1,合,49合洪,77,ong,弘肱,
251,100,49,曾,2,上,上43等,等,等一,開洪,1,開,49開洪,76,ing,肯等,
252,100,49,曾,2,上,上43等,等,等二,合洪,1,合,49合洪,77,ong,,
253,161,49,曾,3,去,去49嶝,嶝,嶝一,開洪,1,開,49開洪,76,ing,鄧贈亘亙隥,
254,161,49,曾,3,去,去49嶝,嶝,嶝二,合洪,1,合,49合洪,77,ong,,
255,199,49,曾,4,入,入26德,德,德一,開洪,1,開,49開洪,76,ik,則德得黑勒墨北,
256,199,49,曾,4,入,入26德,德,德二,合洪,1,合,49合洪,77,ok,或國,
257,46,50,流,1,平,下平18尤,尤,尤,開細,3,開,50開細,78,iu,求周秋流由尤鳩州謀浮羞,
258,101,50,流,2,上,上44有,有,有,開細,3,開,50開細,78,iu,九久酉柳有婦否,
259,162,50,流,3,去,去50宥,宥,宥,開細,3,開,50開細,78,iu,就僦咒呪又祐救溜富副,
260,47,51,流,1,平,下平19侯,侯,侯,開洪,1,開,51開洪,79,io,鉤婁侯溝遘候豆奏漏,
261,102,51,流,2,上,上45厚,厚,厚,開洪,1,開,51開洪,79,io,口后斗垢苟厚,
262,48,52,流,1,平,下平20幽,幽,幽,開細,3,開,52開細,80,iu,虯烋幽彪,
263,103,52,流,2,上,上46黝,黝,黝,開細,3,開,52開細,80,iu,糾黝,
264,164,52,流,3,去,去52幼,幼,幼,開細,3,開,52開細,80,iu,幼謬,
265,49,53,深,1,平,下平21侵,侵,侵,開細,3,開,53開細,81,im,林深針淫金心今吟簪尋,
266,104,53,深,2,上,上47寢,寢,寢,開細,3,開,53開細,81,im,稔甚荏錦朕飲枕凜㾕,
267,165,53,深,3,去,去53沁,沁,沁,開細,3,開,53開細,81,im,鴆禁任蔭譖,
268,200,53,深,4,入,入27緝,緝,緝,開細,3,開,53開細,81,ip,入立急汲執戢及汁,
269,50,54,咸,1,平,下平22覃,覃,覃,開洪,1,開,54開洪,82,am,含南男,
270,105,54,咸,2,上,上48感,感,感,開洪,1,開,54開洪,82,am,感禫唵,
271,166,54,咸,3,去,去54勘,勘,勘,開洪,1,開,54開洪,82,am,紺暗,
272,201,54,咸,4,入,入28合,合,合,開洪,1,開,54開洪,82,ap,荅答合閤沓,
273,51,55,咸,1,平,下平23談,談,談,開洪,1,開,55開洪,83,am,甘三酣談,
274,106,55,咸,2,上,上49敢,敢,敢,開洪,1,開,55開洪,83,am,敢覽,
275,167,55,咸,3,去,去55闞,闞,闞,開洪,1,開,55開洪,83,am,濫瞰𣊟蹔暫,
276,202,55,咸,4,入,入29盍,盍,盍,開洪,1,開,55開洪,83,ap,盍榼臘雜,
277,52,56,咸,1,平,下平24鹽,鹽,鹽,開細,3,開,56開細,84,iam,廉鹽炎淹占,
278,107,56,咸,2,上,上50琰,琰,琰,開細,3,開,56開細,84,iam,冉染琰歛斂漸險儉檢奄,
279,168,56,咸,3,去,去56豔,豔,豔,開細,3,開,56開細,84,iam,贍豔驗窆,
280,203,56,咸,4,入,入30葉,葉,葉,開細,3,開,56開細,84,iap,涉攝葉接輒,
281,53,57,咸,1,平,下平25添,添,添,開細,4,開,57開細,85,iam,兼甜,
282,108,57,咸,2,上,上51忝,忝,忝,開細,4,開,57開細,85,iam,點忝簟玷,
283,169,57,咸,3,去,去57㮇,㮇,,開細,,,57開細,85,iam,念店,
284,204,57,咸,4,入,入31怗,怗,怗,開細,4,開,57開細,85,iap,協愜牒頰篋,怗 = 帖
285,54,58,咸,1,平,下平26咸,咸,咸,開洪,2,開,58開洪,86,am,䜛讒咸,
286,109,58,咸,2,上,上52豏,豏,豏,開洪,2,開,58開洪,86,am,減斬豏,
287,170,58,咸,3,去,去58陷,陷,陷,開洪,2,開,58開洪,86,am,陷韽賺,
288,205,58,咸,4,入,入32洽,洽,洽,開洪,2,開,58開洪,86,ap,夾洽㘝,
289,55,59,咸,1,平,下平27銜,銜,銜,開洪,2,開,59開洪,87,am,監銜,
290,110,59,咸,2,上,上53檻,檻,檻,開洪,2,開,59開洪,87,am,檻黤,
291,171,59,咸,3,去,去59鑑,鑑,鑑,開洪,2,開,59開洪,87,am,懺鑑鑒,
292,206,59,咸,4,入,入33狎,狎,狎,開洪,2,開,59開洪,87,ap,甲狎,
293,56,60,咸,1,平,下平28嚴,嚴,嚴,開細,3,開,60開細,88,iam,嚴𩏩,
294,111,60,咸,2,上,上54儼,儼,儼,開細,3,開,60開細,88,iam,掩广,
295,172,60,咸,3,去,去60釅,釅,釅,開細,3,開,60開細,88,iam,欠劍劔劒釅,
296,207,60,咸,4,入,入34業,業,業,開細,3,開,60開細,88,iap,怯業劫,
297,57,61,咸,1,平,下平29凡,凡,凡,合細,3,合,61合細,89,uan,凡䒦,
298,112,61,咸,2,上,上55范,范,范,合細,3,合,61合細,89,uan,梵泛,
299,173,61,咸,3,去,去61梵,梵,梵,合細,3,合,61合細,89,uan,犯范鋄錽,
300,208,61,咸,4,入,入35乏,乏,乏,合細,3,合,61合細,89,uat,去乏法,
