識別號,韻系列號,韻系行號,韻目索引,目次識別號,目次,攝,韻系,韻目,調,呼,等,韻母,切語下字,等呼,韻母拼音碼,備註
1,1,1,01-1,1,1.01東,通,東,東,平,開,1,東開1,工公紅東洪空,獨洪,ong,
2,1,2,01-2,62,3.01董,通,東,董,上,開,1,董開1,動乙摠董蠓孔揔,獨洪,ong,
3,1,3,01-3,123,4.01送,通,東,送,去,開,1,送開1,貢弄送凍鳳,獨洪,ong,
4,1,4,01-4,184,5.01屋,通,東,屋,入,開,1,屋開1,谷祿禄木卜,獨洪,ok,
5,1,1,01-1,1,1.01東,通,東,東,平,開,3,東開3,弓戎中宮終融隆,獨細,iong,
6,1,2,01-2,62,3.01董,通,東,董,上,開,3,董開3,,獨細,iong,董韻無3等字
7,1,3,01-3,123,4.01送,通,東,送,去,開,3,送開3,仲眾衆,獨細,iong,
8,1,4,01-4,184,5.01屋,通,東,屋,入,開,3,屋開3,六逐匊宿竹菊福,獨細,iok,
9,2,1,02-1,2,1.02冬,通,冬,冬,平,開,1,冬開1,宗冬,獨洪,ong,
10,2,2,02-2,63,,通,冬,,,開,1,,,,,上聲字少，併入腫韻
11,2,3,02-3,124,4.02宋,通,冬,宋,去,開,1,宋開1,統宋綜,獨洪,ong,
12,2,4,02-4,185,5.02沃,通,冬,沃,入,開,1,沃開1,毒沃篤酷,獨洪,ok,
13,3,1,03-1,3,1.03鍾,通,鍾,鍾,平,開,3,鍾開3,容凶庸鍾恭封,獨細,iong,
14,3,2,03-2,64,3.02腫,通,鍾,腫,上,開,3,腫開3,隴勇拱悚冢冗踵奉宂𪁪湩,獨細,iong,
15,3,3,03-3,125,4.03用,通,鍾,用,去,開,3,用開3,用訟頌,獨細,iong,
16,3,4,03-4,186,5.03燭,通,鍾,燭,入,開,3,燭開3,玉欲曲足蜀祿録,獨細,iok,
17,4,1,04-1,4,1.04江,江,江,江,平,開,2,江開2,雙江,獨洪,ang,
18,4,2,04-2,65,3.03講,江,江,講,上,開,2,講開2,項講慃,獨洪,ang,
19,4,3,04-3,126,4.04絳,江,江,絳,去,開,2,絳開2,巷絳降,獨洪,ang,
20,4,4,04-4,187,5.04覺,江,江,覺,入,開,2,覺開2,岳角覺,獨洪,ak,
21,5,1,05-1,5,1.05支,止,支,支,平,開,3,支開3,移支離知宜羈奇皮肌其兹甾,開細,i,
22,5,2,05-2,66,3.04紙,止,支,紙,上,開,3,紙開3,氏紙此是豸侈爾綺倚俾婢弭帋,開細,i,
23,5,3,05-3,127,4.05寘,止,支,寘,去,開,3,寘開3,義賜豉智寄企避靡彼,開細,i,
24,5,4,05-4,188,,止,支,,,,,,,開細,,
25,5,1,05-1,5,1.05支,止,支,支,平,合,3,支合3,為爲垂危吹隨規隋隹,合細,ui,
26,5,2,05-2,66,3.04紙,止,支,紙,上,合,3,紙合3,累委詭捶髓毀,合細,ui,
27,5,3,05-3,127,4.05寘,止,支,寘,去,合,3,寘合3,睡僞恚瑞累,合細,ui,
28,5,4,05-4,188,,止,支,,,,,,,合細,,
29,6,1,06-1,6,1.06脂,止,脂,脂,平,開,3,脂開3,夷脂飢尼冗資私眉悲,開細,i,
30,6,2,06-2,67,3.05旨,止,脂,旨,上,開,3,旨開3,雉視矢姊屐履几美鄙,開細,i,
31,6,3,06-3,128,4.06至,止,脂,至,去,開,3,至開3,利四自冀兾至器二季悸媚備寐祕,開細,i,
32,6,4,06-4,189,,止,脂,,,,,,,開細,,
33,6,1,06-1,6,1.06脂,止,脂,脂,平,合,3,脂合3,追綏佳遺維,合細,ui,
34,6,2,06-2,67,3.05旨,止,脂,旨,上,合,3,旨合3,誄洧水軌癸壘,合細,ui,
35,6,3,06-3,128,4.06至,止,脂,至,去,合,3,至合3,類遂萃位醉愧,合細,ui,
36,6,4,06-4,189,,止,脂,,,,,,,合細,,
37,7,1,07-1,7,1.07之,止,之,之,平,開,3,之開3,而之茲持甚菑,開細,i,
38,7,2,07-2,68,3.06止,止,之,止,上,開,3,止開3,己止紀市里史理擬士,開細,i,
39,7,3,07-3,129,4.07志,止,之,志,去,開,3,志開3,吏記志置,開細,i,
40,7,4,07-4,190,,止,之,,,,,,,,,
41,8,1,08-1,8,1.08微,止,微,微,平,開,3,微開3,希衣依,開細,i,
42,8,2,08-2,69,3.07尾,止,微,尾,上,開,3,尾開3,豈狶豨,開細,i,
43,8,3,08-3,130,4.08未,止,微,未,去,開,3,未開3,既旣豙,開細,i,
44,8,4,08-4,191,,止,微,,,,,,,,,
45,8,1,08-1,8,1.08微,止,微,微,平,合,3,微合3,韋歸微非,合細,ui,
46,8,2,08-2,69,3.07尾,止,微,尾,上,合,3,尾合3,偉鬼匪尾,合細,ui,
47,8,3,08-3,130,4.08未,止,微,未,去,合,3,未合3,貴胃畏沸未味,合細,ui,
48,8,4,08-4,191,,止,微,,,,,,,,,
49,9,1,09-1,9,1.09魚,遇,魚,魚,平,開,3,魚開3,居魚諸余葅,獨細,ir,
50,9,2,09-2,70,3.08語,遇,魚,語,上,開,3,語開3,巨舉呂吕渚與許與与,獨細,ir,
51,9,3,09-3,131,4.09御,遇,魚,御,去,開,3,御開3,倨去據洳預恕署助慮御,獨細,ir,
52,9,4,09-4,192,,遇,魚,,,,,,,,,
53,10,1,10-1,10,1.10虞,遇,虞,虞,平,開,3,虞開3,俱朱誅隅俞輸逾芻于無夫,獨細,u,
54,10,2,10-2,71,3.09麌,遇,虞,麌,上,開,3,麌開3,矩主庾雨禹羽武甫,獨細,u,
55,10,3,10-3,132,4.10遇,遇,虞,遇,去,開,3,遇開3,具遇句戌戍注,獨細,u,
56,10,4,10-4,193,,遇,虞,,,,,,,,,
57,11,1,11-1,11,1.11模,遇,模,模,平,開,1,模開1,胡都吳乎姑烏吾孤,獨洪,oo,
58,11,2,11-2,72,3.10姥,遇,模,姥,上,開,1,姥開1,古戶戸杜魯補,獨洪,oo,
59,11,3,11-3,133,4.11暮,遇,模,暮,去,開,1,暮開1,故誤暮祚路,獨洪,oo,
60,11,4,11-4,194,,遇,模,,,,,,,,,
61,12,1,12-1,12,1.12齊,蟹,齊,齊,平,開,4,齊開4,奚雞稽低兮臡迷,開細,e,
62,12,2,12-2,73,3.11薺,蟹,齊,薺,上,開,4,薺開4,禮啟啓弟米,開細,e,
63,12,3,12-3,134,4.12霽,蟹,齊,霽,去,開,4,霽開4,詣計戾,開細,e,
64,12,4,12-4,195,,蟹,齊,,,,,,,,,
65,12,1,12-1,12,1.12齊,蟹,齊,齊,平,合,4,齊合4,圭攜,合細,ue,攜：戶圭切
66,12,2,12-2,73,3.11薺,蟹,齊,薺,上,合,4,薺合4,,合細,ue,薺合4無字
67,12,3,12-3,134,4.12霽,蟹,齊,霽,去,合,4,霽合4,桂惠,合細,ue,
68,12,4,12-4,195,,蟹,齊,,,,,,,,,
69,13,1,13-1,13,,蟹,祭,,,,,,,,,
70,13,2,13-2,74,,蟹,祭,,,,,,,,,
71,13,3,13-3,135,4.13祭,蟹,祭,祭,去,開,3,祭開3,例制罽祭憩袂蔽弊𡚁,開細,e,
72,13,4,13-4,196,,蟹,祭,,,,,,,,,
73,13,1,13-1,13,,蟹,祭,,,,,,,,,
74,13,2,13-2,74,,蟹,祭,,,,,,,,,
75,13,3,13-3,135,4.13祭,蟹,祭,祭,去,合,3,祭合3,芮銳衛稅劌歲,合細,ue,
76,13,4,13-4,196,,蟹,祭,,,,,,,,,
77,14,1,14-1,14,,蟹,泰,,,,,,,,,
78,14,2,14-2,75,,蟹,泰,,,,,,,,,
79,14,3,14-3,136,4.14泰,蟹,泰,泰,去,開,1,泰開1,蓋太艾大帶,開洪,ai,
80,14,4,14-4,197,,蟹,泰,,,,,,,,,
81,14,1,14-1,14,,蟹,泰,,,,,,,,,
82,14,2,14-2,75,,蟹,泰,,,,,,,,,
83,14,3,14-3,136,4.14泰,蟹,泰,泰,去,合,1,泰合1,外會最貝,合洪,ua,
84,14,4,14-4,197,,蟹,泰,,,,,,,,,
85,15,1,15-1,15,1.13佳,蟹,佳,佳,平,開,2,佳開2,佳膎,開洪,ai,
86,15,2,15-2,76,3.12蟹,蟹,佳,蟹,上,開,2,蟹開2,蟹買,開洪,ai,
87,15,3,15-3,137,4.15卦,蟹,佳,卦,去,開,2,卦開2,隘懈賣卦,開洪,ai,
88,15,4,15-4,198,,蟹,佳,,,,,,,,,
89,15,1,15-1,15,1.13佳,蟹,佳,佳,平,合,2,佳合2,蛙媧緺,合洪,ua,
90,15,2,15-2,76,3.12蟹,蟹,佳,蟹,上,合,2,蟹合2,夥,合洪,uai,
91,15,3,15-3,137,4.15卦,蟹,佳,卦,去,合,2,卦合2,,合洪,ua,
92,15,4,15-4,198,,蟹,佳,,,,,,,,,
93,16,1,16-1,16,1.14皆,蟹,皆,皆,平,開,2,皆開2,諧皆,開洪,ai,
94,16,2,16-2,77,3.13駭,蟹,皆,駭,上,開,2,駭開2,駭楷,開洪,ai,
95,16,3,16-3,138,4.16怪,蟹,皆,怪,去,開,2,怪開2,戒介界拜,開洪,ai,
96,16,4,16-4,199,,蟹,皆,,,,,,,,,
97,16,1,16-1,16,1.14皆,蟹,皆,皆,平,合,2,皆合2,乖懷淮,合洪,uai,
98,16,2,16-2,77,3.13駭,蟹,皆,駭,上,合,2,駭合2,,合洪,uai,
99,16,3,16-3,138,4.16怪,蟹,皆,怪,去,合,2,怪合2,怪壞,合洪,uai,
100,16,4,16-4,199,,蟹,皆,,,,,,,,,
101,17,1,17-1,17,,蟹,夬,,,,,,,,,
102,17,2,17-2,78,,蟹,夬,,,,,,,,,
103,17,3,17-3,139,4.17夬,蟹,夬,夬,去,開,2,夬開2,介喝犗,開洪,ai,
104,17,4,17-4,200,,蟹,夬,,,,,,,,,
105,17,1,17-1,17,,蟹,夬,,,,,,,,,
106,17,2,17-2,78,,蟹,夬,,,,,,,,,
107,17,3,17-3,139,4.17夬,蟹,夬,夬,去,合,2,夬合2,夬快話邁,合洪,uai,
108,17,4,17-4,200,,蟹,夬,,,,,,,,,
109,18,1,18-1,18,1.15灰,蟹,灰,灰,平,合,1,灰合1,灰恢回杯,合洪,ue,
110,18,2,18-2,79,3.14賄,蟹,灰,賄,上,合,1,賄合1,罪猥賄,合洪,ue,
111,18,3,18-3,140,4.18隊,蟹,灰,隊,去,合,1,隊合1,隊內内對繢妹佩昧輩,合洪,ue,
112,18,4,18-4,201,,蟹,灰,,,,,,,,,
113,19,1,19-1,19,1.16咍,蟹,咍,咍,平,開,1,咍開1,來開哀才哉,開洪,ue,
114,19,2,19-2,80,3.15海,蟹,咍,海,上,開,1,海開1,忍軫引盡腎敏改亥愷宰紿乃在,開洪,ai,
115,19,3,19-3,141,4.19代,蟹,咍,代,去,開,1,代開1,代刃晉遴振印覲耐漑槩愛,開洪,ai,
116,19,4,19-4,202,,蟹,咍,,,,,,,,,
117,20,1,20-1,20,,蟹,廢,,,,,,,,,
118,20,2,20-2,81,,蟹,廢,,,,,,,,,
119,20,3,20-3,142,4.20廢,蟹,廢,廢,去,合,1,廢合1,穢肺吠廢,合洪,ue,
120,20,4,20-4,203,,蟹,廢,,,,,,,,,
121,21,1,21-1,21,1.17眞,臻,眞,眞,平,開,3,眞開3,鄰人真眞珍巾銀賓,開細,in,
122,21,2,21-2,82,3.16軫,臻,眞,軫,上,開,3,軫開3,忍軫引盡腎敏,開細,in,
123,21,3,21-3,143,4.21震,臻,眞,震,去,開,3,震開3,刃晉遴振印覲,開細,in,
124,21,4,21-4,204,5.05質,臻,眞,質,入,開,3,質開3,栗悉七吉質日一乙叱必畢筆密,開細,it,
125,22,1,22-1,22,1.18諄,臻,諄,諄,平,合,3,諄合3,倫綸脣勻遵均迍旬囷筠贇,合細,un,
126,22,2,22-2,83,3.17準,臻,諄,準,上,合,3,準合3,尹準允殞紖,合細,un,
127,22,3,22-3,144,4.22稕,臻,諄,稕,去,合,3,稕合3,閏峻順,合細,un,
128,22,4,22-4,205,5.06術,臻,諄,術,入,合,3,術合3,術律聿卹率,合細,ut,
129,23,1,23-1,23,1.19臻,臻,臻,臻,平,開,2,臻開2,詵臻,開細,en,
130,23,2,23-2,84,,臻,臻,𧤛,上,開,2,𧤛開2,,開細,en,無切語
131,23,3,23-3,145,4.21櫬,臻,臻,櫬,去,開,2,櫬開2,,開細,en,無切語
132,23,4,23-4,206,5.07櫛,臻,臻,櫛,入,開,2,櫛開2,瑟櫛,開細,et,
133,24,1,24-1,24,1.20文,臻,文,文,平,合,3,文合3,云分文,合細,un,
134,24,2,24-2,85,3.18吻,臻,文,吻,上,合,3,吻合3,粉吻,合細,un,
135,24,3,24-3,146,4.23問,臻,文,問,去,合,3,問合3,運問,合細,un,
136,24,4,24-4,207,5.08物,臻,文,物,入,合,3,物合3,弗物勿,合細,ut,
137,25,1,25-1,25,1.21欣,臻,欣,欣,平,開,3,欣開3,斤欣,開細,in,
138,25,2,25-2,86,3.19隱,臻,欣,隱,上,開,3,隱開3,謹隱,開細,in,
139,25,3,25-3,147,4.24焮,臻,欣,焮,去,開,3,焮開3,焮靳,開細,in,
140,25,4,25-4,208,5.09迄,臻,欣,迄,入,開,3,迄開3,乞迄訖,開細,it,
141,26,1,26-1,26,1.22元,臻,元,元,平,開,3,元開3,言軒,開細,ian,
142,26,2,26-2,87,3.20阮,臻,元,阮,上,開,3,阮開3,偃幰遠,開細,ian,
143,26,3,26-3,148,4.25願,臻,元,願,去,開,3,願開3,堰建,開細,ian,
144,26,4,26-4,209,5.10月,臻,元,月,入,開,3,月開3,訐竭謁歇,開細,iat,
145,26,1,26-1,26,1.22元,臻,元,元,平,合,3,元合3,袁元煩,開細,uan,
146,26,2,26-2,87,3.20阮,臻,元,阮,上,合,3,阮合3,阮遠晚,開細,uan,
147,26,3,26-3,148,4.25願,臻,元,願,去,合,3,願合3,願怨万販,開細,uan,
148,26,4,26-4,209,5.10月,臻,元,月,入,合,3,月合3,厥越月伐發,開細,uat,
149,27,1,27-1,27,1.23魂,臻,魂,魂,平,合,3,魂合3,昆尊渾魂奔,合洪,un,
150,27,2,27-2,88,3.21混,臻,魂,混,上,合,3,混合3,損袞衮忖本,合洪,un,
151,27,3,27-3,149,4.26慁,臻,魂,慁,去,合,3,慁合3,困寸悶,合洪,un,
152,27,4,27-4,210,5.11沒,臻,魂,沒,入,合,3,沒合3,骨忽没沒勃,合洪,ut,
153,28,1,28-1,28,1.24痕,臻,痕,痕,平,開,1,痕開1,根痕恩,開洪,irn,
154,28,2,28-2,89,3.22很,臻,痕,很,上,開,1,很開1,墾很,開洪,irn,
155,28,3,28-3,150,4.27恨,臻,痕,恨,去,開,1,恨開1,艮恨,開洪,irn,
156,28,4,28-4,211,5.11麧,臻,痕,麧,入,開,1,麧開1,,開洪,irt,
157,29,1,29-1,29,1.25寒,山,寒,寒,平,開,1,寒開1,安寒干,開洪,an,
158,29,2,29-2,90,3.23旱,山,寒,旱,上,開,1,旱開1,笴旱但,開洪,an,
159,29,3,29-3,151,4.28翰,山,寒,翰,去,開,1,翰開1,旱案贊賛按旦旰,開洪,an,
160,29,4,29-4,212,5.12曷,山,寒,曷,入,開,1,曷開1,葛曷割達,開洪,at,
161,30,1,30-1,30,1.26桓,山,桓,桓,平,合,1,桓合1,官丸端潘袁元煩,合洪,uan,
162,30,2,30-2,91,3.24緩,山,桓,緩,上,合,1,緩合1,管伴滿緩纂,合洪,uan,
163,30,3,30-3,152,4.29換,山,桓,換,去,合,1,換合1,換喚玩段貫筭亂半幔,合洪,uan,
164,30,4,30-4,213,5.13末,山,桓,末,入,合,1,末合1,括活栝撥末,合洪,uat,
165,31,1,31-1,31,1.27刪,山,刪,刪,平,開,2,刪開2,姦顏顔閒,開洪,an,
166,31,2,31-2,92,3.25潸,山,刪,潸,上,開,2,潸開2,赧,開洪,an,
167,31,3,31-3,153,4.30諫,山,刪,諫,去,開,2,諫開2,晏諫鴈澗,開洪,an,
168,31,4,31-4,214,5.14黠,山,刪,黠,入,開,2,黠開2,黠八拔,開洪,at,
169,31,1,31-1,31,1.27刪,山,刪,刪,平,合,2,刪合2,還關班,合洪,uan,
170,31,2,31-2,92,3.25潸,山,刪,潸,上,合,2,潸合2,綰板版鯇,合洪,uan,
171,31,3,31-3,153,4.30諫,山,刪,諫,去,合,2,諫合2,患慣,合洪,uan,
172,31,4,31-4,214,5.14黠,山,刪,黠,入,合,2,黠合2,滑婠,合洪,uat,
173,32,1,32-1,32,1.28山,山,山,山,平,開,2,山開2,間閑山,開洪,an,
174,32,2,32-2,93,3.26產,山,山,產,上,開,2,產開2,簡限,開洪,an,
175,32,3,32-3,154,4.31襇,山,山,襇,去,開,2,襇開2,襉襇莧,開洪,an,
176,32,4,32-4,215,5.15鎋,山,山,鎋,入,開,2,鎋開2,瞎轄鎋,開洪,at,
177,32,1,32-1,32,1.28山,山,山,山,平,合,2,山合2,頑鰥頁,合洪,uan,
178,32,2,32-2,93,3.26產,山,山,產,上,合,2,產合2,綰,合洪,uan,
179,32,3,32-3,154,4.31襇,山,山,襇,去,合,2,襇合2,幻,合洪,uan,
180,32,4,32-4,215,5.15鎋,山,山,鎋,入,合,2,鎋合2,刮䫄,合洪,uat,
181,33,1,33-1,33,2.01先,山,先,先,平,開,4,先開4,前先賢年堅煙田顛顚,開細,ian,
182,33,2,33-2,94,3.27銑,山,先,銑,上,開,4,銑開4,典殄繭峴,開細,ian,
183,33,3,33-3,155,4.32霰,山,先,霰,去,開,4,霰開4,佃甸電練麪,開細,ian,
184,33,4,33-4,216,5.16屑,山,先,屑,入,開,4,屑開4,結屑蔑,開細,iat,
185,33,1,33-1,33,2.01先,山,先,先,平,合,2,先合2,玄涓,合細,ian,
186,33,2,33-2,94,3.27銑,山,先,銑,上,合,2,銑合2,泫畎,合細,ian,
187,33,3,33-3,155,4.32霰,山,先,霰,去,合,2,霰合2,縣絢麵,合細,ian,
188,33,4,33-4,216,5.16屑,山,先,屑,入,合,2,屑合2,穴決,合細,iat,
189,34,1,34-1,34,2.02仙,山,仙,仙,平,開,3,仙開3,然仙延連乾焉,開細,ian,
190,34,2,34-2,95,3.28獮,山,仙,獮,上,開,3,獮開3,淺演善輦蹇展翦辨免,開細,ian,
191,34,3,34-3,156,4.33線,山,仙,線,去,開,3,線開3,箭賤膳扇戰見碾線面彦,開細,ian,
192,34,4,34-4,217,5.17薛,山,仙,薛,入,開,3,薛開3,列熱滅竭薛辥别,開細,iat,
193,34,1,34-1,34,2.02仙,山,仙,仙,平,合,3,仙合3,員緣泉權圓專孿攣宣川全貟,合細,uan,
194,34,2,34-2,95,3.28獮,山,仙,獮,上,合,3,獮合3,轉篆兗兖緬,合細,uan,
195,34,3,34-3,156,4.33線,山,仙,線,去,合,3,線合3,絹囀倦掾戀眷釧卷變,合細,uan,
196,34,4,34-4,217,5.17薛,山,仙,薛,入,合,3,薛合3,絕悅劣爇雪輟,合細,uat,
197,35,1,35-1,35,2.03蕭,效,蕭,蕭,平,開,4,蕭開4,彫聊堯么幺蕭,開細,iau,
198,35,2,35-2,96,3.29篠,效,蕭,篠,上,開,4,篠開4,鳥了皎皛,開細,iau,
199,35,3,35-3,157,4.34嘯,效,蕭,嘯,去,開,4,嘯開4,弔叫嘯,開細,iau,
200,35,4,35-4,218,,效,蕭,,,,,,,,,
201,36,1,36-1,36,2.04宵,效,宵,宵,平,開,3,宵開3,邀宵遙嬌消招霄囂焦昭瀌喬嚻,開細,iau,
202,36,2,36-2,97,3.30小,效,宵,小,上,開,3,小開3,兆小夭沼矯少表,開細,iau,
203,36,3,36-3,158,4.35笑,效,宵,笑,去,開,3,笑開3,召肖照笑𥬇要廟妙,開細,iau,
204,36,4,36-4,219,,效,宵,,,,,,,,,
205,37,1,37-1,37,2.05肴,效,肴,肴,平,開,2,肴開2,交嘲肴茅,開洪,au,
206,37,2,37-2,98,3.31巧,效,肴,巧,上,開,2,巧開2,絞巧飽爪,開洪,au,
207,37,3,37-3,159,4.36效,效,肴,效,去,開,2,效開2,教敎稍孝皃,開洪,au,
208,37,4,37-4,220,,效,肴,,,,,,,,,
209,38,1,38-1,38,2.06豪,效,豪,豪,平,開,1,豪開1,刀勞牢遭曹袍褒毛襃,開洪,o,
210,38,2,38-2,99,3.32晧,效,豪,晧,上,開,1,晧開1,老晧道浩早抱,開洪,o,
211,38,3,38-3,160,4.37号,效,豪,号,去,開,1,号開1,到導耗報,開洪,o,
212,38,4,38-4,221,,效,豪,,,,,,,,,
213,39,1,39-1,39,2.07歌,果,歌,歌,平,開,1,歌開1,俄何河歌,開洪,o,
214,39,2,39-2,100,3.33哿,果,歌,哿,上,開,1,哿開1,我可,開洪,o,
215,39,3,39-3,161,4.38箇,果,歌,箇,去,開,1,箇開1,賀佐箇邏个,開洪,o,
216,39,4,39-4,222,,果,歌,,,,,,,,,
217,40,1,40-1,40,2.08戈,果,戈,戈,平,合,1,戈合1,禾戈和靴波婆𦚢𩩆𩨷,合洪,o,
218,40,2,40-2,101,3.34果,果,戈,果,上,合,1,果合1,火果,合洪,o,
219,40,3,40-3,162,4.39過,果,戈,過,去,合,1,過合1,臥卧唾過貨,合洪,o,
220,40,4,40-4,223,,果,戈,,,,,,,,,
221,40,1,40-1,40,2.08戈,果,戈,戈,平,開,3,戈開3,迦伽,開細,ia,
222,40,2,40-2,101,3.34果,果,戈,果,上,開,3,果開3,,開細,ia,
223,40,3,40-3,162,4.39過,果,戈,過,去,開,3,過開3,,開細,ia,
224,40,4,40-4,223,,果,戈,,,,,,,,,
225,40,1,40-1,40,2.08戈,果,戈,戈,平,合,3,戈合3,脞,合細,ia,
226,40,2,40-2,101,3.34果,果,戈,果,上,合,3,果合3,,合細,ia,
227,40,3,40-3,162,4.39過,果,戈,過,去,合,3,過合3,,合細,ia,
228,40,4,40-4,223,,果,戈,,,,,,,,,
229,41,1,41-1,41,2.09麻,假,麻,麻,平,開,2,麻開2,霞加牙巴,開洪,a,
230,41,2,41-2,102,3.35馬,假,麻,馬,上,開,2,馬開2,下雅疋賈,開洪,a,
231,41,3,41-3,163,4.40禡,假,麻,禡,去,開,2,禡開2,駕亞訝嫁罵,開洪,a,
232,41,4,41-4,224,,假,麻,,,,,,,,,
233,41,1,41-1,41,2.09麻,假,麻,麻,平,合,2,麻合2,花瓜華,合洪,ua,
234,41,2,41-2,102,3.35馬,假,麻,馬,上,合,2,馬合2,瓦寡,合洪,ua,
235,41,3,41-3,163,4.40禡,假,麻,禡,去,合,2,禡合2,化霸㕦,合洪,ua,
236,41,4,41-4,224,,假,麻,,,,,,,,,
237,41,1,41-1,41,2.09麻,假,麻,麻,平,開,3,麻開3,遮嗟邪車奢賒,開細,ia,
238,41,2,41-2,102,3.35馬,假,麻,馬,上,開,3,馬開3,也者野冶姐,開細,ia,
239,41,3,41-3,163,4.40禡,假,麻,禡,去,開,3,禡開3,謝夜,開細,ia,
240,41,4,41-4,224,,假,麻,,,,,,,,,
241,42,1,42-1,42,2.10陽,宕,陽,陽,平,開,3,陽開3,章羊張良陽莊方,開細,iong,
242,42,2,42-2,103,3.36養,宕,陽,養,上,開,3,養開3,兩奬㢡養掌丈,開細,iong,
243,42,3,42-3,164,4.41漾,宕,陽,漾,去,開,3,漾開3,亮讓樣向,開細,iong,
244,42,4,42-4,225,5.18藥,宕,陽,藥,入,開,3,藥開3,灼略若爵虐藥約雀勺,開細,iok,
245,42,1,42-1,42,2.10陽,宕,陽,陽,平,合,3,陽合3,王,合細,ong,
246,42,2,42-2,103,3.36養,宕,陽,養,上,合,3,養合3,往网昉,合細,ong,
247,42,3,42-3,164,4.41漾,宕,陽,漾,去,合,3,漾合3,況放訪妄,合細,ong,
248,42,4,42-4,225,5.18藥,宕,陽,藥,入,合,3,藥合3,钁縛籰,合細,ok,
249,43,1,43-1,43,2.11唐,宕,唐,唐,平,開,1,唐開1,郎當剛岡,開洪,ong,
250,43,2,43-2,104,3.37蕩,宕,唐,蕩,上,開,1,蕩開1,朗黨,開洪,ong,
251,43,3,43-3,165,4.42宕,宕,唐,宕,去,開,1,宕開1,浪宕,開洪,ong,
252,43,4,43-4,226,5.19鐸,宕,唐,鐸,入,開,1,鐸開1,落各,開洪,ok,
253,43,1,43-1,43,2.11唐,宕,唐,唐,平,開,1,唐開1,光黃旁,合洪,ong,
254,43,2,43-2,104,3.37蕩,宕,唐,蕩,上,開,1,蕩開1,廣晃,合洪,ong,
255,43,3,43-3,165,4.42宕,宕,唐,宕,去,開,1,宕開1,曠謗,合洪,ong,
256,43,4,43-4,226,5.19鐸,宕,唐,鐸,入,開,1,鐸開1,穫郭博,合洪,ok,
257,44,1,44-1,44,2.12庚,梗,庚,庚,平,開,2,庚開2,行庚盲,開洪,irng,
258,44,2,44-2,105,3.38梗,梗,庚,梗,上,開,2,梗開2,杏梗冷打猛丙,開洪,irng,
259,44,3,44-3,166,4.43映,梗,庚,映,去,開,2,映開2,更孟,開洪,irng,
260,44,4,44-4,227,5.20陌,梗,庚,陌,入,開,2,陌開2,格陌伯白,開洪,irk,
261,44,1,44-1,44,2.12庚,梗,庚,庚,平,合,2,庚合2,觥橫,合洪,ong,
262,44,2,44-2,105,3.38梗,梗,庚,梗,上,合,2,梗合2,礦,合洪,ong,
263,44,3,44-3,166,4.43映,梗,庚,映,去,合,2,映合2,蝗,合洪,ong,
264,44,4,44-4,227,5.20陌,梗,庚,陌,入,合,2,陌合2,虢,合洪,ok,
265,44,1,44-1,44,2.12庚,梗,庚,庚,平,開,3,庚開3,驚卿京,開細,ieng,
266,44,2,44-2,105,3.38梗,梗,庚,梗,上,開,3,梗開3,景影,開細,ieng,
267,44,3,44-3,166,4.43映,梗,庚,映,去,開,3,映開3,慶敬,開細,ieng,
268,44,4,44-4,227,5.20陌,梗,庚,陌,入,開,3,陌開3,戟刻郤逆劇擭迹,開細,ierk,
269,44,1,44-1,44,2.12庚,梗,庚,庚,平,合,3,庚合3,榮兵明,合細,ieng,
270,44,2,44-2,105,3.38梗,梗,庚,梗,上,合,3,梗合3,永憬䁝,合細,ieng,
271,44,3,44-3,166,4.43映,梗,庚,映,去,合,3,映合3,命病,合細,ieng,
272,44,4,44-4,227,5.20陌,梗,庚,陌,入,合,3,陌合3,,合細,ierk,
273,45,1,45-1,45,2.13耕,梗,耕,耕,平,開,2,耕開2,莖耕,開洪,irng,
274,45,2,45-2,106,3.39耿,梗,耕,耿,上,開,2,耿開2,幸耿,開洪,irng,
275,45,3,45-3,167,4.44諍,梗,耕,諍,去,開,2,諍開2,諍爭迸,開洪,irng,
276,45,4,45-4,228,5.21麥,梗,耕,麥,入,開,2,麥開2,核革責摘厄戹,開洪,irk,
277,45,1,45-1,45,2.13耕,梗,耕,耕,平,合,2,耕合2,宏轟萌,合洪,ong,
278,45,2,45-2,106,3.39耿,梗,耕,耿,上,合,2,耿合2,,合洪,ong,
279,45,3,45-3,167,4.44諍,梗,耕,諍,去,合,2,諍合2,,合洪,ong,
280,45,4,45-4,228,5.21麥,梗,耕,麥,入,合,2,麥合2,獲摑麥,合洪,ok,
281,46,1,46-1,46,2.14清,梗,清,清,平,開,3,清開3,情盈貞成征井,開細,ieng,
282,46,2,46-2,107,3.40靜,梗,清,靜,上,開,3,靜開3,靜郢井整,開細,ieng,
283,46,3,46-3,168,4.45勁,梗,清,勁,去,開,3,勁開3,政姓鄭正盛令,開細,ieng,
284,46,4,46-4,229,5.22昔,梗,清,昔,入,開,3,昔開3,積炙易石辟隻亦益昔,開細,ierk,
285,46,1,46-1,46,2.14清,梗,清,清,平,合,3,清合3,營傾,合細,ieng,
286,46,2,46-2,107,3.40靜,梗,清,靜,上,合,3,靜合3,潁頃,合細,ieng,
287,46,3,46-3,168,4.45勁,梗,清,勁,去,合,3,勁合3,,合細,ieng,
288,46,4,46-4,229,5.22昔,梗,清,昔,入,合,3,昔合3,役,合細,ierk,
289,47,1,47-1,47,2.15青,梗,青,青,平,開,4,青開4,經靈刑丁,開細,ieng,
290,47,2,47-2,108,3.41迥,梗,青,迥,上,開,4,迥開4,挺鼎涬頂醒剄,開細,ieng,
291,47,3,47-3,169,4.46徑,梗,青,徑,去,開,4,徑開4,定佞徑,開細,ieng,
292,47,4,47-4,230,5.23錫,梗,青,錫,入,開,4,錫開4,歷擊淚狄激,開細,ierk,
293,47,1,47-1,47,2.15青,梗,青,青,平,合,3,青合3,螢扃,合細,ieng,
294,47,2,47-2,108,3.41迥,梗,青,迥,上,合,3,迥合3,迥熲,合細,ieng,
295,47,3,47-3,169,4.46徑,梗,青,徑,去,合,3,徑合3,,合細,ieng,
296,47,4,47-4,230,5.23錫,梗,青,錫,入,合,3,錫合3,闃鶪狊,合細,ierk,
297,48,1,48-1,48,2.16蒸,曾,蒸,蒸,平,開,3,蒸開3,仍陵蒸矜兢膺乘冰乗升,開細,ieng,
298,48,2,48-2,109,3.42拯,曾,蒸,拯,上,開,3,拯開3,拯庱,開細,ieng,
299,48,3,48-3,170,4.47證,曾,蒸,證,去,開,3,證開3,應證孕甑𩜁,開細,ieng,
300,48,4,48-4,231,5.24職,曾,蒸,職,入,開,3,職開3,翼力側職直即極逼,開細,ierk,
301,49,1,49-1,49,2.17登,曾,登,登,平,開,1,登開1,滕增恆恒登棱崩朋,開洪,irng,
302,49,2,49-2,110,3.43等,曾,登,等,上,開,1,等開1,肯等,開洪,irng,
303,49,3,49-3,171,4.48嶝,曾,登,嶝,去,開,1,嶝開1,鄧贈亘亙隥,開洪,irng,
304,49,4,49-4,232,5.25德,曾,登,德,入,開,1,德開1,則德得黑勒墨北,開洪,irk,
305,49,1,49-1,49,2.17登,曾,登,登,平,合,1,登合1,弘肱,合洪,ong,
306,49,2,49-2,110,3.43等,曾,登,等,上,合,1,等合1,或國,合洪,ong,
307,49,3,49-3,171,4.48嶝,曾,登,嶝,去,合,1,嶝合1,,合洪,ong,
308,49,4,49-4,232,5.25德,曾,登,德,入,合,1,德合1,,合洪,ok,
309,50,1,50-1,50,2.18尤,流,尤,尤,平,開,3,尤開3,求周秋流由尤鳩州謀浮羞,開細,iu,
310,50,2,50-2,111,3.44有,流,尤,有,上,開,3,有開3,九久酉柳有婦否,開細,iu,
311,50,3,50-3,172,4.49宥,流,尤,宥,去,開,3,宥開3,就僦咒呪又祐救溜富副,開細,iu,
312,50,4,50-4,233,,流,尤,,,開,3,,,,,
313,51,1,51-1,51,2.19侯,流,侯,侯,平,開,3,侯開3,鉤侯婁,開細,io,
314,51,2,51-2,112,3.45厚,流,侯,厚,上,開,3,厚開3,口后斗垢苟厚,開細,io,
315,51,3,51-3,173,4.50候,流,侯,候,去,開,3,候開3,溝遘豆候奏漏,開細,io,
316,51,4,51-4,234,,流,侯,,,開,3,,,,,
317,52,1,52-1,52,2.20幽,流,幽,幽,平,開,3,幽開3,虯烋幽彪,開細,iu,
318,52,2,52-2,113,3.46黝,流,幽,黝,上,開,3,黝開3,糾黝,開細,iu,
319,52,3,52-3,174,4.51幼,流,幽,幼,去,開,3,幼開3,幼謬,開細,iu,
320,52,4,52-4,235,,流,幽,,,開,3,,,開細,ierk,
321,53,1,53-1,53,2.21侵,深,侵,侵,平,開,3,侵開3,林深針淫金心今吟簪尋,開細,im,
322,53,2,53-2,114,3.47寑,深,侵,寑,上,開,3,寑開3,稔甚荏錦朕飲枕凜㾕,開細,im,
323,53,3,53-3,175,4.52沁,深,侵,沁,去,開,3,沁開3,鴆禁任蔭譖,開細,im,
324,53,4,53-4,236,5.26緝,深,侵,緝,入,開,3,緝開3,入立急汲執戢及汁,開細,ip,
325,54,1,54-1,54,2.22覃,咸,覃,覃,平,開,1,覃開1,含南男,開洪,am,
326,54,2,54-2,115,3.48感,咸,覃,感,上,開,1,感開1,感禫唵,開洪,am,
327,54,3,54-3,176,4.53勘,咸,覃,勘,去,開,1,勘開1,紺暗,開洪,am,
328,54,4,54-4,237,5.27合,咸,覃,合,入,開,1,合開1,荅答合閤沓,開洪,ap,
329,55,1,55-1,55,2.23談,咸,談,談,平,開,1,談開1,甘三酣談,開洪,am,
330,55,2,55-2,116,3.49敢,咸,談,敢,上,開,1,敢開1,敢覽,開洪,am,
331,55,3,55-3,177,4.54闞,咸,談,闞,去,開,1,闞開1,濫瞰𣊟蹔暫,開洪,am,
332,55,4,55-4,238,5.28盍,咸,談,盍,入,開,1,盍開1,盍榼臘雜,開洪,ap,
333,56,1,56-1,56,2.24鹽,咸,鹽,鹽,平,開,4,鹽開4,廉鹽炎淹占,開細,iam,
334,56,2,56-2,117,3.50琰,咸,鹽,琰,上,開,4,琰開4,冉染琰歛斂漸險儉檢奄,開細,iam,
335,56,3,56-3,178,4.55豔,咸,鹽,豔,去,開,4,豔開4,贍豔驗窆,開細,iam,
336,56,4,56-4,239,5.29葉,咸,鹽,葉,入,開,4,葉開4,涉攝葉接輒,開細,iap,
337,57,1,57-1,57,2.25添,咸,添,添,平,開,3,添開3,兼甜,開細,iam,
338,57,2,57-2,118,3.51忝,咸,添,忝,上,開,3,忝開3,點忝簟玷,開細,iam,
339,57,3,57-3,179,4.56㮇,咸,添,㮇,去,開,3,㮇開3,念店,開細,iam,
340,57,4,57-4,240,5.30怗,咸,添,怗,入,開,3,怗開3,協愜牒頰,開細,iap,
341,58,1,58-1,58,2.26咸,咸,咸,咸,平,開,2,咸開2,䜛讒咸,開洪,am,
342,58,2,58-2,119,3.52豏,咸,咸,豏,上,開,2,豏開2,減斬豏,開洪,am,
343,58,3,58-3,180,4.58陷,咸,咸,陷,去,開,2,陷開2,陷韽賺,開洪,am,
344,58,4,58-4,241,5.31洽,咸,咸,洽,入,開,2,洽開2,夾洽㘝,開洪,ap,
345,59,1,59-1,59,2.27銜,咸,銜,銜,平,開,2,銜開2,監銜,開洪,am,
346,59,2,59-2,120,3.53檻,咸,銜,檻,上,開,2,檻開2,檻黤,開洪,am,
347,59,3,59-3,181,4.59鑑,咸,銜,鑑,去,開,2,鑑開2,懺鑑鑒,開洪,am,
348,59,4,59-4,242,5.32狎,咸,銜,狎,入,開,2,狎開2,甲狎,開洪,ap,
349,60,1,60-1,60,2.28嚴,咸,嚴,嚴,平,開,3,嚴開3,嚴𩏩,開細,iam,
350,60,2,60-2,121,3.54儼,咸,嚴,儼,上,開,3,儼開3,掩广,開細,iam,
351,60,3,60-3,182,4.57釅,咸,嚴,釅,去,開,3,釅開3,欠劍劒釅,開細,iam,
352,60,4,60-4,243,5.33業,咸,嚴,業,入,開,3,業開3,怯業劫,開細,iap,
353,61,1,61-1,61,2.29凡,咸,凡,凡,平,合,3,凡合3,凡,合細,uan,
354,61,2,61-2,122,3.55梵,咸,凡,梵,上,合,3,梵合3,犯范鋄錽,合細,uan,
355,61,3,61-3,183,4.55范,咸,凡,范,去,合,3,范合3,梵泛,合細,uan,
356,61,4,61-4,244,5.34乏,咸,凡,乏,入,合,3,乏合3,去乏法,合細,uat,
